Segment,Country,Product,Discount Band,Units Sold,Manufacturing Price,Sale Price,Gross Sales,Discounts,Sales,COGS,Profit,Date,Month Number,Month Name,Year
Government,Canada,Carretera,,1618.500,3,20,32370.000,0.000,32370.000,16185.000,16185.000,2014-01-01,1,January,2014
Government,Germany,Carretera,,1321.000,3,20,26420.000,0.000,26420.000,13210.000,13210.000,2014-01-01,1,January,2014
Midmarket,France,Carretera,,2178.000,3,15,32670.000,0.000,32670.000,21780.000,10890.000,2014-06-01,6,June,2014
Midmarket,Germany,Carretera,,888.000,3,15,13320.000,0.000,13320.000,8880.000,4440.000,2014-06-01,6,June,2014
Midmarket,Mexico,Carretera,,2470.000,3,15,37050.000,0.000,37050.000,24700.000,12350.000,2014-06-01,6,June,2014
Government,Germany,Carretera,,1513.000,3,350,529550.000,0.000,529550.000,393380.000,136170.000,2014-12-01,12,December,2014
Midmarket,Germany,Montana,,921.000,5,15,13815.000,0.000,13815.000,9210.000,4605.000,2014-03-01,3,March,2014
Channel Partners,Canada,Montana,,2518.000,5,12,30216.000,0.000,30216.000,7554.000,22662.000,2014-06-01,6,June,2014
Government,France,Montana,,1899.000,5,20,37980.000,0.000,37980.000,18990.000,18990.000,2014-06-01,6,June,2014
Channel Partners,Germany,Montana,,1545.000,5,12,18540.000,0.000,18540.000,4635.000,13905.000,2014-06-01,6,June,2014
Midmarket,Mexico,Montana,,2470.000,5,15,37050.000,0.000,37050.000,24700.000,12350.000,2014-06-01,6,June,2014
Enterprise,Canada,Montana,,2665.500,5,125,333187.500,0.000,333187.500,319860.000,13327.500,2014-07-01,7,July,2014
Small Business,Mexico,Montana,,958.000,5,300,287400.000,0.000,287400.000,239500.000,47900.000,2014-08-01,8,August,2014
Government,Germany,Montana,,2146.000,5,7,15022.000,0.000,15022.000,10730.000,4292.000,2014-09-01,9,September,2014
Enterprise,Canada,Montana,,345.000,5,125,43125.000,0.000,43125.000,41400.000,1725.000,2013-10-01,10,October,2013
Midmarket,United States of America,Montana,,615.000,5,15,9225.000,0.000,9225.000,6150.000,3075.000,2014-12-01,12,December,2014
Government,Canada,Paseo,,292.000,10,20,5840.000,0.000,5840.000,2920.000,2920.000,2014-02-01,2,February,2014
Midmarket,Mexico,Paseo,,974.000,10,15,14610.000,0.000,14610.000,9740.000,4870.000,2014-02-01,2,February,2014
Channel Partners,Canada,Paseo,,2518.000,10,12,30216.000,0.000,30216.000,7554.000,22662.000,2014-06-01,6,June,2014
Government,Germany,Paseo,,1006.000,10,350,352100.000,0.000,352100.000,261560.000,90540.000,2014-06-01,6,June,2014
Channel Partners,Germany,Paseo,,367.000,10,12,4404.000,0.000,4404.000,1101.000,3303.000,2014-07-01,7,July,2014
Government,Mexico,Paseo,,883.000,10,7,6181.000,0.000,6181.000,4415.000,1766.000,2014-08-01,8,August,2014
Midmarket,France,Paseo,,549.000,10,15,8235.000,0.000,8235.000,5490.000,2745.000,2013-09-01,9,September,2013
Small Business,Mexico,Paseo,,788.000,10,300,236400.000,0.000,236400.000,197000.000,39400.000,2013-09-01,9,September,2013
Midmarket,Mexico,Paseo,,2472.000,10,15,37080.000,0.000,37080.000,24720.000,12360.000,2014-09-01,9,September,2014
Government,United States of America,Paseo,,1143.000,10,7,8001.000,0.000,8001.000,5715.000,2286.000,2014-10-01,10,October,2014
Government,Canada,Paseo,,1725.000,10,350,603750.000,0.000,603750.000,448500.000,155250.000,2013-11-01,11,November,2013
Channel Partners,United States of America,Paseo,,912.000,10,12,10944.000,0.000,10944.000,2736.000,8208.000,2013-11-01,11,November,2013
Midmarket,Canada,Paseo,,2152.000,10,15,32280.000,0.000,32280.000,21520.000,10760.000,2013-12-01,12,December,2013
Government,Canada,Paseo,,1817.000,10,20,36340.000,0.000,36340.000,18170.000,18170.000,2014-12-01,12,December,2014
Government,Germany,Paseo,,1513.000,10,350,529550.000,0.000,529550.000,393380.000,136170.000,2014-12-01,12,December,2014
Government,Mexico,Velo,,1493.000,120,7,10451.000,0.000,10451.000,7465.000,2986.000,2014-01-01,1,January,2014
Enterprise,France,Velo,,1804.000,120,125,225500.000,0.000,225500.000,216480.000,9020.000,2014-02-01,2,February,2014
Channel Partners,Germany,Velo,,2161.000,120,12,25932.000,0.000,25932.000,6483.000,19449.000,2014-03-01,3,March,2014
Government,Germany,Velo,,1006.000,120,350,352100.000,0.000,352100.000,261560.000,90540.000,2014-06-01,6,June,2014
Channel Partners,Germany,Velo,,1545.000,120,12,18540.000,0.000,18540.000,4635.000,13905.000,2014-06-01,6,June,2014
Enterprise,United States of America,Velo,,2821.000,120,125,352625.000,0.000,352625.000,338520.000,14105.000,2014-08-01,8,August,2014
Enterprise,Canada,Velo,,345.000,120,125,43125.000,0.000,43125.000,41400.000,1725.000,2013-10-01,10,October,2013
Small Business,Canada,VTT,,2001.000,250,300,600300.000,0.000,600300.000,500250.000,100050.000,2014-02-01,2,February,2014
Channel Partners,Germany,VTT,,2838.000,250,12,34056.000,0.000,34056.000,8514.000,25542.000,2014-04-01,4,April,2014
Midmarket,France,VTT,,2178.000,250,15,32670.000,0.000,32670.000,21780.000,10890.000,2014-06-01,6,June,2014
Midmarket,Germany,VTT,,888.000,250,15,13320.000,0.000,13320.000,8880.000,4440.000,2014-06-01,6,June,2014
Government,France,VTT,,1527.000,250,350,534450.000,0.000,534450.000,397020.000,137430.000,2013-09-01,9,September,2013
Small Business,France,VTT,,2151.000,250,300,645300.000,0.000,645300.000,537750.000,107550.000,2014-09-01,9,September,2014
Government,Canada,VTT,,1817.000,250,20,36340.000,0.000,36340.000,18170.000,18170.000,2014-12-01,12,December,2014
Government,France,Amarilla,,2750.000,260,350,962500.000,0.000,962500.000,715000.000,247500.000,2014-02-01,2,February,2014
Channel Partners,United States of America,Amarilla,,1953.000,260,12,23436.000,0.000,23436.000,5859.000,17577.000,2014-04-01,4,April,2014
Enterprise,Germany,Amarilla,,4219.500,260,125,527437.500,0.000,527437.500,506340.000,21097.500,2014-04-01,4,April,2014
Government,France,Amarilla,,1899.000,260,20,37980.000,0.000,37980.000,18990.000,18990.000,2014-06-01,6,June,2014
Government,Germany,Amarilla,,1686.000,260,7,11802.000,0.000,11802.000,8430.000,3372.000,2014-07-01,7,July,2014
Channel Partners,United States of America,Amarilla,,2141.000,260,12,25692.000,0.000,25692.000,6423.000,19269.000,2014-08-01,8,August,2014
Government,United States of America,Amarilla,,1143.000,260,7,8001.000,0.000,8001.000,5715.000,2286.000,2014-10-01,10,October,2014
Midmarket,United States of America,Amarilla,,615.000,260,15,9225.000,0.000,9225.000,6150.000,3075.000,2014-12-01,12,December,2014
Government,France,Paseo,Low,3945.000,10,7,27615.000,276.150,27338.850,19725.000,7613.850,2014-01-01,1,January,2014
Midmarket,France,Paseo,Low,2296.000,10,15,34440.000,344.400,34095.600,22960.000,11135.600,2014-02-01,2,February,2014
Government,France,Paseo,Low,1030.000,10,7,7210.000,72.100,7137.900,5150.000,1987.900,2014-05-01,5,May,2014
Government,France,Velo,Low,639.000,120,7,4473.000,44.730,4428.270,3195.000,1233.270,2014-11-01,11,November,2014
Government,Canada,VTT,Low,1326.000,250,7,9282.000,92.820,9189.180,6630.000,2559.180,2014-03-01,3,March,2014
Channel Partners,United States of America,Carretera,Low,1858.000,3,12,22296.000,222.960,22073.040,5574.000,16499.040,2014-02-01,2,February,2014
Government,Mexico,Carretera,Low,1210.000,3,350,423500.000,4235.000,419265.000,314600.000,104665.000,2014-03-01,3,March,2014
Government,United States of America,Carretera,Low,2529.000,3,7,17703.000,177.030,17525.970,12645.000,4880.970,2014-07-01,7,July,2014
Channel Partners,Canada,Carretera,Low,1445.000,3,12,17340.000,173.400,17166.600,4335.000,12831.600,2014-09-01,9,September,2014
Enterprise,United States of America,Carretera,Low,330.000,3,125,41250.000,412.500,40837.500,39600.000,1237.500,2013-09-01,9,September,2013
Channel Partners,France,Carretera,Low,2671.000,3,12,32052.000,320.520,31731.480,8013.000,23718.480,2014-09-01,9,September,2014
Channel Partners,Germany,Carretera,Low,766.000,3,12,9192.000,91.920,9100.080,2298.000,6802.080,2013-10-01,10,October,2013
Small Business,Mexico,Carretera,Low,494.000,3,300,148200.000,1482.000,146718.000,123500.000,23218.000,2013-10-01,10,October,2013
Government,Mexico,Carretera,Low,1397.000,3,350,488950.000,4889.500,484060.500,363220.000,120840.500,2014-10-01,10,October,2014
Government,France,Carretera,Low,2155.000,3,350,754250.000,7542.500,746707.500,560300.000,186407.500,2014-12-01,12,December,2014
Midmarket,Mexico,Montana,Low,2214.000,5,15,33210.000,332.100,32877.900,22140.000,10737.900,2014-03-01,3,March,2014
Small Business,United States of America,Montana,Low,2301.000,5,300,690300.000,6903.000,683397.000,575250.000,108147.000,2014-04-01,4,April,2014
Government,France,Montana,Low,1375.500,5,20,27510.000,275.100,27234.900,13755.000,13479.900,2014-07-01,7,July,2014
Government,Canada,Montana,Low,1830.000,5,7,12810.000,128.100,12681.900,9150.000,3531.900,2014-08-01,8,August,2014
Small Business,United States of America,Montana,Low,2498.000,5,300,749400.000,7494.000,741906.000,624500.000,117406.000,2013-09-01,9,September,2013
Enterprise,United States of America,Montana,Low,663.000,5,125,82875.000,828.750,82046.250,79560.000,2486.250,2013-10-01,10,October,2013
Midmarket,United States of America,Paseo,Low,1514.000,10,15,22710.000,227.100,22482.900,15140.000,7342.900,2014-02-01,2,February,2014
Government,United States of America,Paseo,Low,4492.500,10,7,31447.500,314.480,31133.020,22462.500,8670.520,2014-04-01,4,April,2014
Enterprise,United States of America,Paseo,Low,727.000,10,125,90875.000,908.750,89966.250,87240.000,2726.250,2014-06-01,6,June,2014
Enterprise,France,Paseo,Low,787.000,10,125,98375.000,983.750,97391.250,94440.000,2951.250,2014-06-01,6,June,2014
Enterprise,Mexico,Paseo,Low,1823.000,10,125,227875.000,2278.750,225596.250,218760.000,6836.250,2014-07-01,7,July,2014
Midmarket,Germany,Paseo,Low,747.000,10,15,11205.000,112.050,11092.950,7470.000,3622.950,2014-09-01,9,September,2014
Channel Partners,Germany,Paseo,Low,766.000,10,12,9192.000,91.920,9100.080,2298.000,6802.080,2013-10-01,10,October,2013
Small Business,United States of America,Paseo,Low,2905.000,10,300,871500.000,8715.000,862785.000,726250.000,136535.000,2014-11-01,11,November,2014
Government,France,Paseo,Low,2155.000,10,350,754250.000,7542.500,746707.500,560300.000,186407.500,2014-12-01,12,December,2014
Government,France,Velo,Low,3864.000,120,20,77280.000,772.800,76507.200,38640.000,37867.200,2014-04-01,4,April,2014
Government,Mexico,Velo,Low,362.000,120,7,2534.000,25.340,2508.660,1810.000,698.660,2014-05-01,5,May,2014
Enterprise,Canada,Velo,Low,923.000,120,125,115375.000,1153.750,114221.250,110760.000,3461.250,2014-08-01,8,August,2014
Enterprise,United States of America,Velo,Low,663.000,120,125,82875.000,828.750,82046.250,79560.000,2486.250,2013-10-01,10,October,2013
Government,Canada,Velo,Low,2092.000,120,7,14644.000,146.440,14497.560,10460.000,4037.560,2013-11-01,11,November,2013
Government,Germany,VTT,Low,263.000,250,7,1841.000,18.410,1822.590,1315.000,507.590,2014-03-01,3,March,2014
Government,Canada,VTT,Low,943.500,250,350,330225.000,3302.250,326922.750,245310.000,81612.750,2014-04-01,4,April,2014
Enterprise,United States of America,VTT,Low,727.000,250,125,90875.000,908.750,89966.250,87240.000,2726.250,2014-06-01,6,June,2014
Enterprise,France,VTT,Low,787.000,250,125,98375.000,983.750,97391.250,94440.000,2951.250,2014-06-01,6,June,2014
Small Business,Germany,VTT,Low,986.000,250,300,295800.000,2958.000,292842.000,246500.000,46342.000,2014-09-01,9,September,2014
Small Business,Mexico,VTT,Low,494.000,250,300,148200.000,1482.000,146718.000,123500.000,23218.000,2013-10-01,10,October,2013
Government,Mexico,VTT,Low,1397.000,250,350,488950.000,4889.500,484060.500,363220.000,120840.500,2014-10-01,10,October,2014
Enterprise,France,VTT,Low,1744.000,250,125,218000.000,2180.000,215820.000,209280.000,6540.000,2014-11-01,11,November,2014
Channel Partners,United States of America,Amarilla,Low,1989.000,260,12,23868.000,238.680,23629.320,5967.000,17662.320,2013-09-01,9,September,2013
Midmarket,France,Amarilla,Low,321.000,260,15,4815.000,48.150,4766.850,3210.000,1556.850,2013-11-01,11,November,2013
Enterprise,Canada,Carretera,Low,742.500,3,125,92812.500,1856.250,90956.250,89100.000,1856.250,2014-04-01,4,April,2014
Channel Partners,Canada,Carretera,Low,1295.000,3,12,15540.000,310.800,15229.200,3885.000,11344.200,2014-10-01,10,October,2014
Small Business,Germany,Carretera,Low,214.000,3,300,64200.000,1284.000,62916.000,53500.000,9416.000,2013-10-01,10,October,2013
Government,France,Carretera,Low,2145.000,3,7,15015.000,300.300,14714.700,10725.000,3989.700,2013-11-01,11,November,2013
Government,Canada,Carretera,Low,2852.000,3,350,998200.000,19964.000,978236.000,741520.000,236716.000,2014-12-01,12,December,2014
Channel Partners,United States of America,Montana,Low,1142.000,5,12,13704.000,274.080,13429.920,3426.000,10003.920,2014-06-01,6,June,2014
Government,United States of America,Montana,Low,1566.000,5,20,31320.000,626.400,30693.600,15660.000,15033.600,2014-10-01,10,October,2014
Channel Partners,Mexico,Montana,Low,690.000,5,12,8280.000,165.600,8114.400,2070.000,6044.400,2014-11-01,11,November,2014
Enterprise,Mexico,Montana,Low,1660.000,5,125,207500.000,4150.000,203350.000,199200.000,4150.000,2013-11-01,11,November,2013
Midmarket,Canada,Paseo,Low,2363.000,10,15,35445.000,708.900,34736.100,23630.000,11106.100,2014-02-01,2,February,2014
Small Business,France,Paseo,Low,918.000,10,300,275400.000,5508.000,269892.000,229500.000,40392.000,2014-05-01,5,May,2014
Small Business,Germany,Paseo,Low,1728.000,10,300,518400.000,10368.000,508032.000,432000.000,76032.000,2014-05-01,5,May,2014
Channel Partners,United States of America,Paseo,Low,1142.000,10,12,13704.000,274.080,13429.920,3426.000,10003.920,2014-06-01,6,June,2014
Enterprise,Mexico,Paseo,Low,662.000,10,125,82750.000,1655.000,81095.000,79440.000,1655.000,2014-06-01,6,June,2014
Channel Partners,Canada,Paseo,Low,1295.000,10,12,15540.000,310.800,15229.200,3885.000,11344.200,2014-10-01,10,October,2014
Enterprise,Germany,Paseo,Low,809.000,10,125,101125.000,2022.500,99102.500,97080.000,2022.500,2013-10-01,10,October,2013
Enterprise,Mexico,Paseo,Low,2145.000,10,125,268125.000,5362.500,262762.500,257400.000,5362.500,2013-10-01,10,October,2013
Channel Partners,France,Paseo,Low,1785.000,10,12,21420.000,428.400,20991.600,5355.000,15636.600,2013-11-01,11,November,2013
Small Business,Canada,Paseo,Low,1916.000,10,300,574800.000,11496.000,563304.000,479000.000,84304.000,2014-12-01,12,December,2014
Government,Canada,Paseo,Low,2852.000,10,350,998200.000,19964.000,978236.000,741520.000,236716.000,2014-12-01,12,December,2014
Enterprise,Canada,Paseo,Low,2729.000,10,125,341125.000,6822.500,334302.500,327480.000,6822.500,2014-12-01,12,December,2014
Midmarket,United States of America,Paseo,Low,1925.000,10,15,28875.000,577.500,28297.500,19250.000,9047.500,2013-12-01,12,December,2013
Government,United States of America,Paseo,Low,2013.000,10,7,14091.000,281.820,13809.180,10065.000,3744.180,2013-12-01,12,December,2013
Channel Partners,France,Paseo,Low,1055.000,10,12,12660.000,253.200,12406.800,3165.000,9241.800,2014-12-01,12,December,2014
Channel Partners,Mexico,Paseo,Low,1084.000,10,12,13008.000,260.160,12747.840,3252.000,9495.840,2014-12-01,12,December,2014
Government,United States of America,Velo,Low,1566.000,120,20,31320.000,626.400,30693.600,15660.000,15033.600,2014-10-01,10,October,2014
Government,Germany,Velo,Low,2966.000,120,350,1038100.000,20762.000,1017338.000,771160.000,246178.000,2013-10-01,10,October,2013
Government,Germany,Velo,Low,2877.000,120,350,1006950.000,20139.000,986811.000,748020.000,238791.000,2014-10-01,10,October,2014
Enterprise,Germany,Velo,Low,809.000,120,125,101125.000,2022.500,99102.500,97080.000,2022.500,2013-10-01,10,October,2013
Enterprise,Mexico,Velo,Low,2145.000,120,125,268125.000,5362.500,262762.500,257400.000,5362.500,2013-10-01,10,October,2013
Channel Partners,France,Velo,Low,1055.000,120,12,12660.000,253.200,12406.800,3165.000,9241.800,2014-12-01,12,December,2014
Government,Mexico,Velo,Low,544.000,120,20,10880.000,217.600,10662.400,5440.000,5222.400,2013-12-01,12,December,2013
Channel Partners,Mexico,Velo,Low,1084.000,120,12,13008.000,260.160,12747.840,3252.000,9495.840,2014-12-01,12,December,2014
Enterprise,Mexico,VTT,Low,662.000,250,125,82750.000,1655.000,81095.000,79440.000,1655.000,2014-06-01,6,June,2014
Small Business,Germany,VTT,Low,214.000,250,300,64200.000,1284.000,62916.000,53500.000,9416.000,2013-10-01,10,October,2013
Government,Germany,VTT,Low,2877.000,250,350,1006950.000,20139.000,986811.000,748020.000,238791.000,2014-10-01,10,October,2014
Enterprise,Canada,VTT,Low,2729.000,250,125,341125.000,6822.500,334302.500,327480.000,6822.500,2014-12-01,12,December,2014
Government,United States of America,VTT,Low,266.000,250,350,93100.000,1862.000,91238.000,69160.000,22078.000,2013-12-01,12,December,2013
Government,Mexico,VTT,Low,1940.000,250,350,679000.000,13580.000,665420.000,504400.000,161020.000,2013-12-01,12,December,2013
Small Business,Germany,Amarilla,Low,259.000,260,300,77700.000,1554.000,76146.000,64750.000,11396.000,2014-03-01,3,March,2014
Small Business,Mexico,Amarilla,Low,1101.000,260,300,330300.000,6606.000,323694.000,275250.000,48444.000,2014-03-01,3,March,2014
Enterprise,Germany,Amarilla,Low,2276.000,260,125,284500.000,5690.000,278810.000,273120.000,5690.000,2014-05-01,5,May,2014
Government,Germany,Amarilla,Low,2966.000,260,350,1038100.000,20762.000,1017338.000,771160.000,246178.000,2013-10-01,10,October,2013
Government,United States of America,Amarilla,Low,1236.000,260,20,24720.000,494.400,24225.600,12360.000,11865.600,2014-11-01,11,November,2014
Government,France,Amarilla,Low,941.000,260,20,18820.000,376.400,18443.600,9410.000,9033.600,2014-11-01,11,November,2014
Small Business,Canada,Amarilla,Low,1916.000,260,300,574800.000,11496.000,563304.000,479000.000,84304.000,2014-12-01,12,December,2014
Enterprise,France,Carretera,Low,4243.500,3,125,530437.500,15913.120,514524.380,509220.000,5304.380,2014-04-01,4,April,2014
Government,Germany,Carretera,Low,2580.000,3,20,51600.000,1548.000,50052.000,25800.000,24252.000,2014-04-01,4,April,2014
Small Business,Germany,Carretera,Low,689.000,3,300,206700.000,6201.000,200499.000,172250.000,28249.000,2014-06-01,6,June,2014
Channel Partners,United States of America,Carretera,Low,1947.000,3,12,23364.000,700.920,22663.080,5841.000,16822.080,2014-09-01,9,September,2014
Channel Partners,Canada,Carretera,Low,908.000,3,12,10896.000,326.880,10569.120,2724.000,7845.120,2013-12-01,12,December,2013
Government,Germany,Montana,Low,1958.000,5,7,13706.000,411.180,13294.820,9790.000,3504.820,2014-02-01,2,February,2014
Channel Partners,France,Montana,Low,1901.000,5,12,22812.000,684.360,22127.640,5703.000,16424.640,2014-06-01,6,June,2014
Government,France,Montana,Low,544.000,5,7,3808.000,114.240,3693.760,2720.000,973.760,2014-09-01,9,September,2014
Government,Germany,Montana,Low,1797.000,5,350,628950.000,18868.500,610081.500,467220.000,142861.500,2013-09-01,9,September,2013
Enterprise,France,Montana,Low,1287.000,5,125,160875.000,4826.250,156048.750,154440.000,1608.750,2014-12-01,12,December,2014
Enterprise,Germany,Montana,Low,1706.000,5,125,213250.000,6397.500,206852.500,204720.000,2132.500,2014-12-01,12,December,2014
Small Business,France,Paseo,Low,2434.500,10,300,730350.000,21910.500,708439.500,608625.000,99814.500,2014-01-01,1,January,2014
Enterprise,Canada,Paseo,Low,1774.000,10,125,221750.000,6652.500,215097.500,212880.000,2217.500,2014-03-01,3,March,2014
Channel Partners,France,Paseo,Low,1901.000,10,12,22812.000,684.360,22127.640,5703.000,16424.640,2014-06-01,6,June,2014
Small Business,Germany,Paseo,Low,689.000,10,300,206700.000,6201.000,200499.000,172250.000,28249.000,2014-06-01,6,June,2014
Enterprise,Germany,Paseo,Low,1570.000,10,125,196250.000,5887.500,190362.500,188400.000,1962.500,2014-06-01,6,June,2014
Channel Partners,United States of America,Paseo,Low,1369.500,10,12,16434.000,493.020,15940.980,4108.500,11832.480,2014-07-01,7,July,2014
Enterprise,Canada,Paseo,Low,2009.000,10,125,251125.000,7533.750,243591.250,241080.000,2511.250,2014-10-01,10,October,2014
Midmarket,Germany,Paseo,Low,1945.000,10,15,29175.000,875.250,28299.750,19450.000,8849.750,2013-10-01,10,October,2013
Enterprise,France,Paseo,Low,1287.000,10,125,160875.000,4826.250,156048.750,154440.000,1608.750,2014-12-01,12,December,2014
Enterprise,Germany,Paseo,Low,1706.000,10,125,213250.000,6397.500,206852.500,204720.000,2132.500,2014-12-01,12,December,2014
Enterprise,Canada,Velo,Low,2009.000,120,125,251125.000,7533.750,243591.250,241080.000,2511.250,2014-10-01,10,October,2014
Small Business,United States of America,VTT,Low,2844.000,250,300,853200.000,25596.000,827604.000,711000.000,116604.000,2014-02-01,2,February,2014
Channel Partners,Mexico,VTT,Low,1916.000,250,12,22992.000,689.760,22302.240,5748.000,16554.240,2014-04-01,4,April,2014
Enterprise,Germany,VTT,Low,1570.000,250,125,196250.000,5887.500,190362.500,188400.000,1962.500,2014-06-01,6,June,2014
Small Business,Canada,VTT,Low,1874.000,250,300,562200.000,16866.000,545334.000,468500.000,76834.000,2014-08-01,8,August,2014
Government,Mexico,VTT,Low,1642.000,250,350,574700.000,17241.000,557459.000,426920.000,130539.000,2014-08-01,8,August,2014
Midmarket,Germany,VTT,Low,1945.000,250,15,29175.000,875.250,28299.750,19450.000,8849.750,2013-10-01,10,October,2013
Government,Canada,Carretera,Low,831.000,3,20,16620.000,498.600,16121.400,8310.000,7811.400,2014-05-01,5,May,2014
Government,Mexico,Paseo,Low,1760.000,10,7,12320.000,369.600,11950.400,8800.000,3150.400,2013-09-01,9,September,2013
Government,Canada,Velo,Low,3850.500,120,20,77010.000,2310.300,74699.700,38505.000,36194.700,2014-04-01,4,April,2014
Channel Partners,Germany,VTT,Low,2479.000,250,12,29748.000,892.440,28855.560,7437.000,21418.560,2014-01-01,1,January,2014
Midmarket,Mexico,Montana,Low,2031.000,5,15,30465.000,1218.600,29246.400,20310.000,8936.400,2014-10-01,10,October,2014
Midmarket,Mexico,Paseo,Low,2031.000,10,15,30465.000,1218.600,29246.400,20310.000,8936.400,2014-10-01,10,October,2014
Midmarket,France,Paseo,Low,2261.000,10,15,33915.000,1356.600,32558.400,22610.000,9948.400,2013-12-01,12,December,2013
Government,United States of America,Velo,Low,736.000,120,20,14720.000,588.800,14131.200,7360.000,6771.200,2013-09-01,9,September,2013
Government,Canada,Carretera,Low,2851.000,3,7,19957.000,798.280,19158.720,14255.000,4903.720,2013-10-01,10,October,2013
Small Business,Germany,Carretera,Low,2021.000,3,300,606300.000,24252.000,582048.000,505250.000,76798.000,2014-10-01,10,October,2014
Government,United States of America,Carretera,Low,274.000,3,350,95900.000,3836.000,92064.000,71240.000,20824.000,2014-12-01,12,December,2014
Midmarket,Canada,Montana,Low,1967.000,5,15,29505.000,1180.200,28324.800,19670.000,8654.800,2014-03-01,3,March,2014
Small Business,Germany,Montana,Low,1859.000,5,300,557700.000,22308.000,535392.000,464750.000,70642.000,2014-08-01,8,August,2014
Government,Canada,Montana,Low,2851.000,5,7,19957.000,798.280,19158.720,14255.000,4903.720,2013-10-01,10,October,2013
Small Business,Germany,Montana,Low,2021.000,5,300,606300.000,24252.000,582048.000,505250.000,76798.000,2014-10-01,10,October,2014
Enterprise,Mexico,Montana,Low,1138.000,5,125,142250.000,5690.000,136560.000,136560.000,0.000,2014-12-01,12,December,2014
Government,Canada,Paseo,Low,4251.000,10,7,29757.000,1190.280,28566.720,21255.000,7311.720,2014-01-01,1,January,2014
Enterprise,Germany,Paseo,Low,795.000,10,125,99375.000,3975.000,95400.000,95400.000,0.000,2014-03-01,3,March,2014
Small Business,Germany,Paseo,Low,1414.500,10,300,424350.000,16974.000,407376.000,353625.000,53751.000,2014-04-01,4,April,2014
Small Business,United States of America,Paseo,Low,2918.000,10,300,875400.000,35016.000,840384.000,729500.000,110884.000,2014-05-01,5,May,2014
Government,United States of America,Paseo,Low,3450.000,10,350,1207500.000,48300.000,1159200.000,897000.000,262200.000,2014-07-01,7,July,2014
Enterprise,France,Paseo,Low,2988.000,10,125,373500.000,14940.000,358560.000,358560.000,0.000,2014-07-01,7,July,2014
Midmarket,Canada,Paseo,Low,218.000,10,15,3270.000,130.800,3139.200,2180.000,959.200,2014-09-01,9,September,2014
Government,Canada,Paseo,Low,2074.000,10,20,41480.000,1659.200,39820.800,20740.000,19080.800,2014-09-01,9,September,2014
Government,United States of America,Paseo,Low,1056.000,10,20,21120.000,844.800,20275.200,10560.000,9715.200,2014-09-01,9,September,2014
Midmarket,United States of America,Paseo,Low,671.000,10,15,10065.000,402.600,9662.400,6710.000,2952.400,2013-10-01,10,October,2013
Midmarket,Mexico,Paseo,Low,1514.000,10,15,22710.000,908.400,21801.600,15140.000,6661.600,2013-10-01,10,October,2013
Government,United States of America,Paseo,Low,274.000,10,350,95900.000,3836.000,92064.000,71240.000,20824.000,2014-12-01,12,December,2014
Enterprise,Mexico,Paseo,Low,1138.000,10,125,142250.000,5690.000,136560.000,136560.000,0.000,2014-12-01,12,December,2014
Channel Partners,United States of America,Velo,Low,1465.000,120,12,17580.000,703.200,16876.800,4395.000,12481.800,2014-03-01,3,March,2014
Government,Canada,Velo,Low,2646.000,120,20,52920.000,2116.800,50803.200,26460.000,24343.200,2013-09-01,9,September,2013
Government,France,Velo,Low,2177.000,120,350,761950.000,30478.000,731472.000,566020.000,165452.000,2014-10-01,10,October,2014
Channel Partners,France,VTT,Low,866.000,250,12,10392.000,415.680,9976.320,2598.000,7378.320,2014-05-01,5,May,2014
Government,United States of America,VTT,Low,349.000,250,350,122150.000,4886.000,117264.000,90740.000,26524.000,2013-09-01,9,September,2013
Government,France,VTT,Low,2177.000,250,350,761950.000,30478.000,731472.000,566020.000,165452.000,2014-10-01,10,October,2014
Midmarket,Mexico,VTT,Low,1514.000,250,15,22710.000,908.400,21801.600,15140.000,6661.600,2013-10-01,10,October,2013
Government,Mexico,Amarilla,Low,1865.000,260,350,652750.000,26110.000,626640.000,484900.000,141740.000,2014-02-01,2,February,2014
Enterprise,Mexico,Amarilla,Low,1074.000,260,125,134250.000,5370.000,128880.000,128880.000,0.000,2014-04-01,4,April,2014
Government,Germany,Amarilla,Low,1907.000,260,350,667450.000,26698.000,640752.000,495820.000,144932.000,2014-09-01,9,September,2014
Midmarket,United States of America,Amarilla,Low,671.000,260,15,10065.000,402.600,9662.400,6710.000,2952.400,2013-10-01,10,October,2013
Government,Canada,Amarilla,Low,1778.000,260,350,622300.000,24892.000,597408.000,462280.000,135128.000,2013-12-01,12,December,2013
Government,Germany,Montana,Medium,1159.000,5,7,8113.000,405.650,7707.350,5795.000,1912.350,2013-10-01,10,October,2013
Government,Germany,Paseo,Medium,1372.000,10,7,9604.000,480.200,9123.800,6860.000,2263.800,2014-01-01,1,January,2014
Government,Canada,Paseo,Medium,2349.000,10,7,16443.000,822.150,15620.850,11745.000,3875.850,2013-09-01,9,September,2013
Government,Mexico,Paseo,Medium,2689.000,10,7,18823.000,941.150,17881.850,13445.000,4436.850,2014-10-01,10,October,2014
Channel Partners,Canada,Paseo,Medium,2431.000,10,12,29172.000,1458.600,27713.400,7293.000,20420.400,2014-12-01,12,December,2014
Channel Partners,Canada,Velo,Medium,2431.000,120,12,29172.000,1458.600,27713.400,7293.000,20420.400,2014-12-01,12,December,2014
Government,Mexico,VTT,Medium,2689.000,250,7,18823.000,941.150,17881.850,13445.000,4436.850,2014-10-01,10,October,2014
Government,Mexico,Amarilla,Medium,1683.000,260,7,11781.000,589.050,11191.950,8415.000,2776.950,2014-07-01,7,July,2014
Channel Partners,Mexico,Amarilla,Medium,1123.000,260,12,13476.000,673.800,12802.200,3369.000,9433.200,2014-08-01,8,August,2014
Government,Germany,Amarilla,Medium,1159.000,260,7,8113.000,405.650,7707.350,5795.000,1912.350,2013-10-01,10,October,2013
Channel Partners,France,Carretera,Medium,1865.000,3,12,22380.000,1119.000,21261.000,5595.000,15666.000,2014-02-01,2,February,2014
Channel Partners,Germany,Carretera,Medium,1116.000,3,12,13392.000,669.600,12722.400,3348.000,9374.400,2014-02-01,2,February,2014
Government,France,Carretera,Medium,1563.000,3,20,31260.000,1563.000,29697.000,15630.000,14067.000,2014-05-01,5,May,2014
Small Business,United States of America,Carretera,Medium,991.000,3,300,297300.000,14865.000,282435.000,247750.000,34685.000,2014-06-01,6,June,2014
Government,Germany,Carretera,Medium,1016.000,3,7,7112.000,355.600,6756.400,5080.000,1676.400,2013-11-01,11,November,2013
Midmarket,Mexico,Carretera,Medium,2791.000,3,15,41865.000,2093.250,39771.750,27910.000,11861.750,2014-11-01,11,November,2014
Government,United States of America,Carretera,Medium,570.000,3,7,3990.000,199.500,3790.500,2850.000,940.500,2014-12-01,12,December,2014
Government,France,Carretera,Medium,2487.000,3,7,17409.000,870.450,16538.550,12435.000,4103.550,2014-12-01,12,December,2014
Government,France,Montana,Medium,1384.500,5,350,484575.000,24228.750,460346.250,359970.000,100376.250,2014-01-01,1,January,2014
Enterprise,United States of America,Montana,Medium,3627.000,5,125,453375.000,22668.750,430706.250,435240.000,-4533.750,2014-07-01,7,July,2014
Government,Mexico,Montana,Medium,720.000,5,350,252000.000,12600.000,239400.000,187200.000,52200.000,2013-09-01,9,September,2013
Channel Partners,Germany,Montana,Medium,2342.000,5,12,28104.000,1405.200,26698.800,7026.000,19672.800,2014-11-01,11,November,2014
Small Business,Mexico,Montana,Medium,1100.000,5,300,330000.000,16500.000,313500.000,275000.000,38500.000,2013-12-01,12,December,2013
Government,France,Paseo,Medium,1303.000,10,20,26060.000,1303.000,24757.000,13030.000,11727.000,2014-02-01,2,February,2014
Enterprise,United States of America,Paseo,Medium,2992.000,10,125,374000.000,18700.000,355300.000,359040.000,-3740.000,2014-03-01,3,March,2014
Enterprise,France,Paseo,Medium,2385.000,10,125,298125.000,14906.250,283218.750,286200.000,-2981.250,2014-03-01,3,March,2014
Small Business,Mexico,Paseo,Medium,1607.000,10,300,482100.000,24105.000,457995.000,401750.000,56245.000,2014-04-01,4,April,2014
Government,United States of America,Paseo,Medium,2327.000,10,7,16289.000,814.450,15474.550,11635.000,3839.550,2014-05-01,5,May,2014
Small Business,United States of America,Paseo,Medium,991.000,10,300,297300.000,14865.000,282435.000,247750.000,34685.000,2014-06-01,6,June,2014
Government,United States of America,Paseo,Medium,602.000,10,350,210700.000,10535.000,200165.000,156520.000,43645.000,2014-06-01,6,June,2014
Midmarket,France,Paseo,Medium,2620.000,10,15,39300.000,1965.000,37335.000,26200.000,11135.000,2014-09-01,9,September,2014
Government,Canada,Paseo,Medium,1228.000,10,350,429800.000,21490.000,408310.000,319280.000,89030.000,2013-10-01,10,October,2013
Government,Canada,Paseo,Medium,1389.000,10,20,27780.000,1389.000,26391.000,13890.000,12501.000,2013-10-01,10,October,2013
Enterprise,United States of America,Paseo,Medium,861.000,10,125,107625.000,5381.250,102243.750,103320.000,-1076.250,2014-10-01,10,October,2014
Enterprise,France,Paseo,Medium,704.000,10,125,88000.000,4400.000,83600.000,84480.000,-880.000,2013-10-01,10,October,2013
Government,Canada,Paseo,Medium,1802.000,10,20,36040.000,1802.000,34238.000,18020.000,16218.000,2013-12-01,12,December,2013
Government,United States of America,Paseo,Medium,2663.000,10,20,53260.000,2663.000,50597.000,26630.000,23967.000,2014-12-01,12,December,2014
Government,France,Paseo,Medium,2136.000,10,7,14952.000,747.600,14204.400,10680.000,3524.400,2013-12-01,12,December,2013
Midmarket,Germany,Paseo,Medium,2116.000,10,15,31740.000,1587.000,30153.000,21160.000,8993.000,2013-12-01,12,December,2013
Midmarket,United States of America,Velo,Medium,555.000,120,15,8325.000,416.250,7908.750,5550.000,2358.750,2014-01-01,1,January,2014
Midmarket,Mexico,Velo,Medium,2861.000,120,15,42915.000,2145.750,40769.250,28610.000,12159.250,2014-01-01,1,January,2014
Enterprise,Germany,Velo,Medium,807.000,120,125,100875.000,5043.750,95831.250,96840.000,-1008.750,2014-02-01,2,February,2014
Government,United States of America,Velo,Medium,602.000,120,350,210700.000,10535.000,200165.000,156520.000,43645.000,2014-06-01,6,June,2014
Government,United States of America,Velo,Medium,2832.000,120,20,56640.000,2832.000,53808.000,28320.000,25488.000,2014-08-01,8,August,2014
Government,France,Velo,Medium,1579.000,120,20,31580.000,1579.000,30001.000,15790.000,14211.000,2014-08-01,8,August,2014
Enterprise,United States of America,Velo,Medium,861.000,120,125,107625.000,5381.250,102243.750,103320.000,-1076.250,2014-10-01,10,October,2014
Enterprise,France,Velo,Medium,704.000,120,125,88000.000,4400.000,83600.000,84480.000,-880.000,2013-10-01,10,October,2013
Government,France,Velo,Medium,1033.000,120,20,20660.000,1033.000,19627.000,10330.000,9297.000,2013-12-01,12,December,2013
Small Business,Germany,Velo,Medium,1250.000,120,300,375000.000,18750.000,356250.000,312500.000,43750.000,2014-12-01,12,December,2014
Government,Canada,VTT,Medium,1389.000,250,20,27780.000,1389.000,26391.000,13890.000,12501.000,2013-10-01,10,October,2013
Government,United States of America,VTT,Medium,1265.000,250,20,25300.000,1265.000,24035.000,12650.000,11385.000,2013-11-01,11,November,2013
Government,Germany,VTT,Medium,2297.000,250,20,45940.000,2297.000,43643.000,22970.000,20673.000,2013-11-01,11,November,2013
Government,United States of America,VTT,Medium,2663.000,250,20,53260.000,2663.000,50597.000,26630.000,23967.000,2014-12-01,12,December,2014
Government,United States of America,VTT,Medium,570.000,250,7,3990.000,199.500,3790.500,2850.000,940.500,2014-12-01,12,December,2014
Government,France,VTT,Medium,2487.000,250,7,17409.000,870.450,16538.550,12435.000,4103.550,2014-12-01,12,December,2014
Government,Germany,Amarilla,Medium,1350.000,260,350,472500.000,23625.000,448875.000,351000.000,97875.000,2014-02-01,2,February,2014
Government,Canada,Amarilla,Medium,552.000,260,350,193200.000,9660.000,183540.000,143520.000,40020.000,2014-08-01,8,August,2014
Government,Canada,Amarilla,Medium,1228.000,260,350,429800.000,21490.000,408310.000,319280.000,89030.000,2013-10-01,10,October,2013
Small Business,Germany,Amarilla,Medium,1250.000,260,300,375000.000,18750.000,356250.000,312500.000,43750.000,2014-12-01,12,December,2014
Midmarket,France,Paseo,Medium,3801.000,10,15,57015.000,3420.900,53594.100,38010.000,15584.100,2014-04-01,4,April,2014
Government,United States of America,Carretera,Medium,1117.500,3,20,22350.000,1341.000,21009.000,11175.000,9834.000,2014-01-01,1,January,2014
Midmarket,Canada,Carretera,Medium,2844.000,3,15,42660.000,2559.600,40100.400,28440.000,11660.400,2014-06-01,6,June,2014
Channel Partners,Mexico,Carretera,Medium,562.000,3,12,6744.000,404.640,6339.360,1686.000,4653.360,2014-09-01,9,September,2014
Channel Partners,Canada,Carretera,Medium,2299.000,3,12,27588.000,1655.280,25932.720,6897.000,19035.720,2013-10-01,10,October,2013
Midmarket,United States of America,Carretera,Medium,2030.000,3,15,30450.000,1827.000,28623.000,20300.000,8323.000,2014-11-01,11,November,2014
Government,United States of America,Carretera,Medium,263.000,3,7,1841.000,110.460,1730.540,1315.000,415.540,2013-11-01,11,November,2013
Enterprise,Germany,Carretera,Medium,887.000,3,125,110875.000,6652.500,104222.500,106440.000,-2217.500,2013-12-01,12,December,2013
Government,Mexico,Montana,Medium,980.000,5,350,343000.000,20580.000,322420.000,254800.000,67620.000,2014-04-01,4,April,2014
Government,Germany,Montana,Medium,1460.000,5,350,511000.000,30660.000,480340.000,379600.000,100740.000,2014-05-01,5,May,2014
Government,France,Montana,Medium,1403.000,5,7,9821.000,589.260,9231.740,7015.000,2216.740,2013-10-01,10,October,2013
Channel Partners,United States of America,Montana,Medium,2723.000,5,12,32676.000,1960.560,30715.440,8169.000,22546.440,2014-11-01,11,November,2014
Government,France,Paseo,Medium,1496.000,10,350,523600.000,31416.000,492184.000,388960.000,103224.000,2014-06-01,6,June,2014
Channel Partners,Canada,Paseo,Medium,2299.000,10,12,27588.000,1655.280,25932.720,6897.000,19035.720,2013-10-01,10,October,2013
Government,United States of America,Paseo,Medium,727.000,10,350,254450.000,15267.000,239183.000,189020.000,50163.000,2013-10-01,10,October,2013
Enterprise,Canada,Velo,Medium,952.000,120,125,119000.000,7140.000,111860.000,114240.000,-2380.000,2014-02-01,2,February,2014
Enterprise,United States of America,Velo,Medium,2755.000,120,125,344375.000,20662.500,323712.500,330600.000,-6887.500,2014-02-01,2,February,2014
Midmarket,Germany,Velo,Medium,1530.000,120,15,22950.000,1377.000,21573.000,15300.000,6273.000,2014-05-01,5,May,2014
Government,France,Velo,Medium,1496.000,120,350,523600.000,31416.000,492184.000,388960.000,103224.000,2014-06-01,6,June,2014
Government,Mexico,Velo,Medium,1498.000,120,7,10486.000,629.160,9856.840,7490.000,2366.840,2014-06-01,6,June,2014
Small Business,France,Velo,Medium,1221.000,120,300,366300.000,21978.000,344322.000,305250.000,39072.000,2013-10-01,10,October,2013
Government,France,Velo,Medium,2076.000,120,350,726600.000,43596.000,683004.000,539760.000,143244.000,2013-10-01,10,October,2013
Midmarket,Canada,VTT,Medium,2844.000,250,15,42660.000,2559.600,40100.400,28440.000,11660.400,2014-06-01,6,June,2014
Government,Mexico,VTT,Medium,1498.000,250,7,10486.000,629.160,9856.840,7490.000,2366.840,2014-06-01,6,June,2014
Small Business,France,VTT,Medium,1221.000,250,300,366300.000,21978.000,344322.000,305250.000,39072.000,2013-10-01,10,October,2013
Government,Mexico,VTT,Medium,1123.000,250,20,22460.000,1347.600,21112.400,11230.000,9882.400,2013-11-01,11,November,2013
Small Business,Canada,VTT,Medium,2436.000,250,300,730800.000,43848.000,686952.000,609000.000,77952.000,2013-12-01,12,December,2013
Enterprise,France,Amarilla,Medium,1987.500,260,125,248437.500,14906.250,233531.250,238500.000,-4968.750,2014-01-01,1,January,2014
Government,Mexico,Amarilla,Medium,1679.000,260,350,587650.000,35259.000,552391.000,436540.000,115851.000,2014-09-01,9,September,2014
Government,United States of America,Amarilla,Medium,727.000,260,350,254450.000,15267.000,239183.000,189020.000,50163.000,2013-10-01,10,October,2013
Government,France,Amarilla,Medium,1403.000,260,7,9821.000,589.260,9231.740,7015.000,2216.740,2013-10-01,10,October,2013
Government,France,Amarilla,Medium,2076.000,260,350,726600.000,43596.000,683004.000,539760.000,143244.000,2013-10-01,10,October,2013
Government,France,Montana,Medium,1757.000,5,20,35140.000,2108.400,33031.600,17570.000,15461.600,2013-10-01,10,October,2013
Midmarket,United States of America,Paseo,Medium,2198.000,10,15,32970.000,1978.200,30991.800,21980.000,9011.800,2014-08-01,8,August,2014
Midmarket,Germany,Paseo,Medium,1743.000,10,15,26145.000,1568.700,24576.300,17430.000,7146.300,2014-08-01,8,August,2014
Midmarket,United States of America,Paseo,Medium,1153.000,10,15,17295.000,1037.700,16257.300,11530.000,4727.300,2014-10-01,10,October,2014
Government,France,Paseo,Medium,1757.000,10,20,35140.000,2108.400,33031.600,17570.000,15461.600,2013-10-01,10,October,2013
Government,Germany,Velo,Medium,1001.000,120,20,20020.000,1201.200,18818.800,10010.000,8808.800,2014-08-01,8,August,2014
Government,Mexico,Velo,Medium,1333.000,120,7,9331.000,559.860,8771.140,6665.000,2106.140,2014-11-01,11,November,2014
Midmarket,United States of America,VTT,Medium,1153.000,250,15,17295.000,1037.700,16257.300,11530.000,4727.300,2014-10-01,10,October,2014
Channel Partners,Mexico,Carretera,Medium,727.000,3,12,8724.000,610.680,8113.320,2181.000,5932.320,2014-02-01,2,February,2014
Channel Partners,Canada,Carretera,Medium,1884.000,3,12,22608.000,1582.560,21025.440,5652.000,15373.440,2014-08-01,8,August,2014
Government,Mexico,Carretera,Medium,1834.000,3,20,36680.000,2567.600,34112.400,18340.000,15772.400,2013-09-01,9,September,2013
Channel Partners,Mexico,Montana,Medium,2340.000,5,12,28080.000,1965.600,26114.400,7020.000,19094.400,2014-01-01,1,January,2014
Channel Partners,France,Montana,Medium,2342.000,5,12,28104.000,1967.280,26136.720,7026.000,19110.720,2014-11-01,11,November,2014
Government,France,Paseo,Medium,1031.000,10,7,7217.000,505.190,6711.810,5155.000,1556.810,2013-09-01,9,September,2013
Midmarket,Canada,Velo,Medium,1262.000,120,15,18930.000,1325.100,17604.900,12620.000,4984.900,2014-05-01,5,May,2014
Government,Canada,Velo,Medium,1135.000,120,7,7945.000,556.150,7388.850,5675.000,1713.850,2014-06-01,6,June,2014
Government,United States of America,Velo,Medium,547.000,120,7,3829.000,268.030,3560.970,2735.000,825.970,2014-11-01,11,November,2014
Government,Canada,Velo,Medium,1582.000,120,7,11074.000,775.180,10298.820,7910.000,2388.820,2014-12-01,12,December,2014
Channel Partners,France,VTT,Medium,1738.500,250,12,20862.000,1460.340,19401.660,5215.500,14186.160,2014-04-01,4,April,2014
Channel Partners,Germany,VTT,Medium,2215.000,250,12,26580.000,1860.600,24719.400,6645.000,18074.400,2013-09-01,9,September,2013
Government,Canada,VTT,Medium,1582.000,250,7,11074.000,775.180,10298.820,7910.000,2388.820,2014-12-01,12,December,2014
Government,Canada,Amarilla,Medium,1135.000,260,7,7945.000,556.150,7388.850,5675.000,1713.850,2014-06-01,6,June,2014
Government,United States of America,Carretera,Medium,1761.000,3,350,616350.000,43144.500,573205.500,457860.000,115345.500,2014-03-01,3,March,2014
Small Business,France,Carretera,Medium,448.000,3,300,134400.000,9408.000,124992.000,112000.000,12992.000,2014-06-01,6,June,2014
Small Business,France,Carretera,Medium,2181.000,3,300,654300.000,45801.000,608499.000,545250.000,63249.000,2014-10-01,10,October,2014
Government,France,Montana,Medium,1976.000,5,20,39520.000,2766.400,36753.600,19760.000,16993.600,2014-10-01,10,October,2014
Small Business,France,Montana,Medium,2181.000,5,300,654300.000,45801.000,608499.000,545250.000,63249.000,2014-10-01,10,October,2014
Enterprise,Germany,Montana,Medium,2500.000,5,125,312500.000,21875.000,290625.000,300000.000,-9375.000,2013-11-01,11,November,2013
Small Business,Canada,Paseo,Medium,1702.000,10,300,510600.000,35742.000,474858.000,425500.000,49358.000,2014-05-01,5,May,2014
Small Business,France,Paseo,Medium,448.000,10,300,134400.000,9408.000,124992.000,112000.000,12992.000,2014-06-01,6,June,2014
Enterprise,Germany,Paseo,Medium,3513.000,10,125,439125.000,30738.750,408386.250,421560.000,-13173.750,2014-07-01,7,July,2014
Midmarket,France,Paseo,Medium,2101.000,10,15,31515.000,2206.050,29308.950,21010.000,8298.950,2014-08-01,8,August,2014
Midmarket,United States of America,Paseo,Medium,2931.000,10,15,43965.000,3077.550,40887.450,29310.000,11577.450,2013-09-01,9,September,2013
Government,France,Paseo,Medium,1535.000,10,20,30700.000,2149.000,28551.000,15350.000,13201.000,2014-09-01,9,September,2014
Small Business,Germany,Paseo,Medium,1123.000,10,300,336900.000,23583.000,313317.000,280750.000,32567.000,2013-09-01,9,September,2013
Small Business,Canada,Paseo,Medium,1404.000,10,300,421200.000,29484.000,391716.000,351000.000,40716.000,2013-11-01,11,November,2013
Channel Partners,Mexico,Paseo,Medium,2763.000,10,12,33156.000,2320.920,30835.080,8289.000,22546.080,2013-11-01,11,November,2013
Government,Germany,Paseo,Medium,2125.000,10,7,14875.000,1041.250,13833.750,10625.000,3208.750,2013-12-01,12,December,2013
Small Business,France,Velo,Medium,1659.000,120,300,497700.000,34839.000,462861.000,414750.000,48111.000,2014-07-01,7,July,2014
Government,Mexico,Velo,Medium,609.000,120,20,12180.000,852.600,11327.400,6090.000,5237.400,2014-08-01,8,August,2014
Enterprise,Germany,Velo,Medium,2087.000,120,125,260875.000,18261.250,242613.750,250440.000,-7826.250,2014-09-01,9,September,2014
Government,France,Velo,Medium,1976.000,120,20,39520.000,2766.400,36753.600,19760.000,16993.600,2014-10-01,10,October,2014
Government,United States of America,Velo,Medium,1421.000,120,20,28420.000,1989.400,26430.600,14210.000,12220.600,2013-12-01,12,December,2013
Small Business,United States of America,Velo,Medium,1372.000,120,300,411600.000,28812.000,382788.000,343000.000,39788.000,2014-12-01,12,December,2014
Government,Germany,Velo,Medium,588.000,120,20,11760.000,823.200,10936.800,5880.000,5056.800,2013-12-01,12,December,2013
Channel Partners,Canada,VTT,Medium,3244.500,250,12,38934.000,2725.380,36208.620,9733.500,26475.120,2014-01-01,1,January,2014
Small Business,France,VTT,Medium,959.000,250,300,287700.000,20139.000,267561.000,239750.000,27811.000,2014-02-01,2,February,2014
Small Business,Mexico,VTT,Medium,2747.000,250,300,824100.000,57687.000,766413.000,686750.000,79663.000,2014-02-01,2,February,2014
Enterprise,Canada,Amarilla,Medium,1645.000,260,125,205625.000,14393.750,191231.250,197400.000,-6168.750,2014-05-01,5,May,2014
Government,France,Amarilla,Medium,2876.000,260,350,1006600.000,70462.000,936138.000,747760.000,188378.000,2014-09-01,9,September,2014
Enterprise,Germany,Amarilla,Medium,994.000,260,125,124250.000,8697.500,115552.500,119280.000,-3727.500,2013-09-01,9,September,2013
Government,Canada,Amarilla,Medium,1118.000,260,20,22360.000,1565.200,20794.800,11180.000,9614.800,2014-11-01,11,November,2014
Small Business,United States of America,Amarilla,Medium,1372.000,260,300,411600.000,28812.000,382788.000,343000.000,39788.000,2014-12-01,12,December,2014
Government,Canada,Montana,Medium,488.000,5,7,3416.000,273.280,3142.720,2440.000,702.720,2014-02-01,2,February,2014
Government,United States of America,Montana,Medium,1282.000,5,20,25640.000,2051.200,23588.800,12820.000,10768.800,2014-06-01,6,June,2014
Government,Canada,Paseo,Medium,257.000,10,7,1799.000,143.920,1655.080,1285.000,370.080,2014-05-01,5,May,2014
Government,United States of America,Amarilla,Medium,1282.000,260,20,25640.000,2051.200,23588.800,12820.000,10768.800,2014-06-01,6,June,2014
Enterprise,Mexico,Carretera,Medium,1540.000,3,125,192500.000,15400.000,177100.000,184800.000,-7700.000,2014-08-01,8,August,2014
Midmarket,France,Carretera,Medium,490.000,3,15,7350.000,588.000,6762.000,4900.000,1862.000,2014-11-01,11,November,2014
Government,Mexico,Carretera,Medium,1362.000,3,350,476700.000,38136.000,438564.000,354120.000,84444.000,2014-12-01,12,December,2014
Midmarket,France,Montana,Medium,2501.000,5,15,37515.000,3001.200,34513.800,25010.000,9503.800,2014-03-01,3,March,2014
Government,Canada,Montana,Medium,708.000,5,20,14160.000,1132.800,13027.200,7080.000,5947.200,2014-06-01,6,June,2014
Government,Germany,Montana,Medium,645.000,5,20,12900.000,1032.000,11868.000,6450.000,5418.000,2014-07-01,7,July,2014
Small Business,France,Montana,Medium,1562.000,5,300,468600.000,37488.000,431112.000,390500.000,40612.000,2014-08-01,8,August,2014
Small Business,Canada,Montana,Medium,1283.000,5,300,384900.000,30792.000,354108.000,320750.000,33358.000,2013-09-01,9,September,2013
Midmarket,Germany,Montana,Medium,711.000,5,15,10665.000,853.200,9811.800,7110.000,2701.800,2014-12-01,12,December,2014
Enterprise,Mexico,Paseo,Medium,1114.000,10,125,139250.000,11140.000,128110.000,133680.000,-5570.000,2014-03-01,3,March,2014
Government,Germany,Paseo,Medium,1259.000,10,7,8813.000,705.040,8107.960,6295.000,1812.960,2014-04-01,4,April,2014
Government,Germany,Paseo,Medium,1095.000,10,7,7665.000,613.200,7051.800,5475.000,1576.800,2014-05-01,5,May,2014
Government,Germany,Paseo,Medium,1366.000,10,20,27320.000,2185.600,25134.400,13660.000,11474.400,2014-06-01,6,June,2014
Small Business,Mexico,Paseo,Medium,2460.000,10,300,738000.000,59040.000,678960.000,615000.000,63960.000,2014-06-01,6,June,2014
Government,United States of America,Paseo,Medium,678.000,10,7,4746.000,379.680,4366.320,3390.000,976.320,2014-08-01,8,August,2014
Government,Germany,Paseo,Medium,1598.000,10,7,11186.000,894.880,10291.120,7990.000,2301.120,2014-08-01,8,August,2014
Government,Germany,Paseo,Medium,2409.000,10,7,16863.000,1349.040,15513.960,12045.000,3468.960,2013-09-01,9,September,2013
Government,Germany,Paseo,Medium,1934.000,10,20,38680.000,3094.400,35585.600,19340.000,16245.600,2014-09-01,9,September,2014
Government,Mexico,Paseo,Medium,2993.000,10,20,59860.000,4788.800,55071.200,29930.000,25141.200,2014-09-01,9,September,2014
Government,Germany,Paseo,Medium,2146.000,10,350,751100.000,60088.000,691012.000,557960.000,133052.000,2013-11-01,11,November,2013
Government,Mexico,Paseo,Medium,1946.000,10,7,13622.000,1089.760,12532.240,9730.000,2802.240,2013-12-01,12,December,2013
Government,Mexico,Paseo,Medium,1362.000,10,350,476700.000,38136.000,438564.000,354120.000,84444.000,2014-12-01,12,December,2014
Channel Partners,Canada,Velo,Medium,598.000,120,12,7176.000,574.080,6601.920,1794.000,4807.920,2014-03-01,3,March,2014
Government,United States of America,Velo,Medium,2907.000,120,7,20349.000,1627.920,18721.080,14535.000,4186.080,2014-06-01,6,June,2014
Government,Germany,Velo,Medium,2338.000,120,7,16366.000,1309.280,15056.720,11690.000,3366.720,2014-06-01,6,June,2014
Small Business,France,Velo,Medium,386.000,120,300,115800.000,9264.000,106536.000,96500.000,10036.000,2013-11-01,11,November,2013
Small Business,Mexico,Velo,Medium,635.000,120,300,190500.000,15240.000,175260.000,158750.000,16510.000,2014-12-01,12,December,2014
Government,France,VTT,Medium,574.500,250,350,201075.000,16086.000,184989.000,149370.000,35619.000,2014-04-01,4,April,2014
Government,Germany,VTT,Medium,2338.000,250,7,16366.000,1309.280,15056.720,11690.000,3366.720,2014-06-01,6,June,2014
Government,France,VTT,Medium,381.000,250,350,133350.000,10668.000,122682.000,99060.000,23622.000,2014-08-01,8,August,2014
Government,Germany,VTT,Medium,422.000,250,350,147700.000,11816.000,135884.000,109720.000,26164.000,2014-08-01,8,August,2014
Small Business,Canada,VTT,Medium,2134.000,250,300,640200.000,51216.000,588984.000,533500.000,55484.000,2014-09-01,9,September,2014
Small Business,United States of America,VTT,Medium,808.000,250,300,242400.000,19392.000,223008.000,202000.000,21008.000,2013-12-01,12,December,2013
Government,Canada,Amarilla,Medium,708.000,260,20,14160.000,1132.800,13027.200,7080.000,5947.200,2014-06-01,6,June,2014
Government,United States of America,Amarilla,Medium,2907.000,260,7,20349.000,1627.920,18721.080,14535.000,4186.080,2014-06-01,6,June,2014
Government,Germany,Amarilla,Medium,1366.000,260,20,27320.000,2185.600,25134.400,13660.000,11474.400,2014-06-01,6,June,2014
Small Business,Mexico,Amarilla,Medium,2460.000,260,300,738000.000,59040.000,678960.000,615000.000,63960.000,2014-06-01,6,June,2014
Government,Germany,Amarilla,Medium,1520.000,260,20,30400.000,2432.000,27968.000,15200.000,12768.000,2014-11-01,11,November,2014
Midmarket,Germany,Amarilla,Medium,711.000,260,15,10665.000,853.200,9811.800,7110.000,2701.800,2014-12-01,12,December,2014
Channel Partners,Mexico,Amarilla,Medium,1375.000,260,12,16500.000,1320.000,15180.000,4125.000,11055.000,2013-12-01,12,December,2013
Small Business,Mexico,Amarilla,Medium,635.000,260,300,190500.000,15240.000,175260.000,158750.000,16510.000,2014-12-01,12,December,2014
Government,United States of America,VTT,Medium,436.500,250,20,8730.000,698.400,8031.600,4365.000,3666.600,2014-07-01,7,July,2014
Small Business,Canada,Carretera,Medium,1094.000,3,300,328200.000,29538.000,298662.000,273500.000,25162.000,2014-06-01,6,June,2014
Channel Partners,Mexico,Carretera,Medium,367.000,3,12,4404.000,396.360,4007.640,1101.000,2906.640,2013-10-01,10,October,2013
Small Business,Canada,Montana,Medium,3802.500,5,300,1140750.000,102667.500,1038082.500,950625.000,87457.500,2014-04-01,4,April,2014
Government,France,Montana,Medium,1666.000,5,350,583100.000,52479.000,530621.000,433160.000,97461.000,2014-05-01,5,May,2014
Small Business,France,Montana,Medium,322.000,5,300,96600.000,8694.000,87906.000,80500.000,7406.000,2013-09-01,9,September,2013
Channel Partners,Canada,Montana,Medium,2321.000,5,12,27852.000,2506.680,25345.320,6963.000,18382.320,2014-11-01,11,November,2014
Enterprise,France,Montana,Medium,1857.000,5,125,232125.000,20891.250,211233.750,222840.000,-11606.250,2013-11-01,11,November,2013
Government,Canada,Montana,Medium,1611.000,5,7,11277.000,1014.930,10262.070,8055.000,2207.070,2013-12-01,12,December,2013
Enterprise,United States of America,Montana,Medium,2797.000,5,125,349625.000,31466.250,318158.750,335640.000,-17481.250,2014-12-01,12,December,2014
Small Business,Germany,Montana,Medium,334.000,5,300,100200.000,9018.000,91182.000,83500.000,7682.000,2013-12-01,12,December,2013
Small Business,Mexico,Paseo,Medium,2565.000,10,300,769500.000,69255.000,700245.000,641250.000,58995.000,2014-01-01,1,January,2014
Government,Mexico,Paseo,Medium,2417.000,10,350,845950.000,76135.500,769814.500,628420.000,141394.500,2014-01-01,1,January,2014
Midmarket,United States of America,Paseo,Medium,3675.000,10,15,55125.000,4961.250,50163.750,36750.000,13413.750,2014-04-01,4,April,2014
Small Business,Canada,Paseo,Medium,1094.000,10,300,328200.000,29538.000,298662.000,273500.000,25162.000,2014-06-01,6,June,2014
Midmarket,France,Paseo,Medium,1227.000,10,15,18405.000,1656.450,16748.550,12270.000,4478.550,2014-10-01,10,October,2014
Channel Partners,Mexico,Paseo,Medium,367.000,10,12,4404.000,396.360,4007.640,1101.000,2906.640,2013-10-01,10,October,2013
Small Business,France,Paseo,Medium,1324.000,10,300,397200.000,35748.000,361452.000,331000.000,30452.000,2014-11-01,11,November,2014
Channel Partners,Germany,Paseo,Medium,1775.000,10,12,21300.000,1917.000,19383.000,5325.000,14058.000,2013-11-01,11,November,2013
Enterprise,United States of America,Paseo,Medium,2797.000,10,125,349625.000,31466.250,318158.750,335640.000,-17481.250,2014-12-01,12,December,2014
Midmarket,Mexico,Velo,Medium,245.000,120,15,3675.000,330.750,3344.250,2450.000,894.250,2014-05-01,5,May,2014
Small Business,Canada,Velo,Medium,3793.500,120,300,1138050.000,102424.500,1035625.500,948375.000,87250.500,2014-07-01,7,July,2014
Government,Germany,Velo,Medium,1307.000,120,350,457450.000,41170.500,416279.500,339820.000,76459.500,2014-07-01,7,July,2014
Enterprise,Canada,Velo,Medium,567.000,120,125,70875.000,6378.750,64496.250,68040.000,-3543.750,2014-09-01,9,September,2014
Enterprise,Mexico,Velo,Medium,2110.000,120,125,263750.000,23737.500,240012.500,253200.000,-13187.500,2014-09-01,9,September,2014
Government,Canada,Velo,Medium,1269.000,120,350,444150.000,39973.500,404176.500,329940.000,74236.500,2014-10-01,10,October,2014
Channel Partners,United States of America,VTT,Medium,1956.000,250,12,23472.000,2112.480,21359.520,5868.000,15491.520,2014-01-01,1,January,2014
Small Business,Germany,VTT,Medium,2659.000,250,300,797700.000,71793.000,725907.000,664750.000,61157.000,2014-02-01,2,February,2014
Government,United States of America,VTT,Medium,1351.500,250,350,473025.000,42572.250,430452.750,351390.000,79062.750,2014-04-01,4,April,2014
Channel Partners,Germany,VTT,Medium,880.000,250,12,10560.000,950.400,9609.600,2640.000,6969.600,2014-05-01,5,May,2014
Small Business,United States of America,VTT,Medium,1867.000,250,300,560100.000,50409.000,509691.000,466750.000,42941.000,2014-09-01,9,September,2014
Channel Partners,France,VTT,Medium,2234.000,250,12,26808.000,2412.720,24395.280,6702.000,17693.280,2013-09-01,9,September,2013
Midmarket,France,VTT,Medium,1227.000,250,15,18405.000,1656.450,16748.550,12270.000,4478.550,2014-10-01,10,October,2014
Enterprise,Mexico,VTT,Medium,877.000,250,125,109625.000,9866.250,99758.750,105240.000,-5481.250,2014-11-01,11,November,2014
Government,United States of America,Amarilla,Medium,2071.000,260,350,724850.000,65236.500,659613.500,538460.000,121153.500,2014-09-01,9,September,2014
Government,Canada,Amarilla,Medium,1269.000,260,350,444150.000,39973.500,404176.500,329940.000,74236.500,2014-10-01,10,October,2014
Midmarket,Germany,Amarilla,Medium,970.000,260,15,14550.000,1309.500,13240.500,9700.000,3540.500,2013-11-01,11,November,2013
Government,Mexico,Amarilla,Medium,1694.000,260,20,33880.000,3049.200,30830.800,16940.000,13890.800,2014-11-01,11,November,2014
Government,Germany,Carretera,Medium,663.000,3,20,13260.000,1193.400,12066.600,6630.000,5436.600,2014-05-01,5,May,2014
Government,Canada,Carretera,Medium,819.000,3,7,5733.000,515.970,5217.030,4095.000,1122.030,2014-07-01,7,July,2014
Channel Partners,Germany,Carretera,Medium,1580.000,3,12,18960.000,1706.400,17253.600,4740.000,12513.600,2014-09-01,9,September,2014
Government,Mexico,Carretera,Medium,521.000,3,7,3647.000,328.230,3318.770,2605.000,713.770,2014-12-01,12,December,2014
Government,United States of America,Paseo,Medium,973.000,10,20,19460.000,1751.400,17708.600,9730.000,7978.600,2014-03-01,3,March,2014
Government,Mexico,Paseo,Medium,1038.000,10,20,20760.000,1868.400,18891.600,10380.000,8511.600,2014-06-01,6,June,2014
Government,Germany,Paseo,Medium,360.000,10,7,2520.000,226.800,2293.200,1800.000,493.200,2014-10-01,10,October,2014
Channel Partners,France,Velo,Medium,1967.000,120,12,23604.000,2124.360,21479.640,5901.000,15578.640,2014-03-01,3,March,2014
Midmarket,Mexico,Velo,Medium,2628.000,120,15,39420.000,3547.800,35872.200,26280.000,9592.200,2014-04-01,4,April,2014
Government,Germany,VTT,Medium,360.000,250,7,2520.000,226.800,2293.200,1800.000,493.200,2014-10-01,10,October,2014
Government,France,VTT,Medium,2682.000,250,20,53640.000,4827.600,48812.400,26820.000,21992.400,2013-11-01,11,November,2013
Government,Mexico,VTT,Medium,521.000,250,7,3647.000,328.230,3318.770,2605.000,713.770,2014-12-01,12,December,2014
Government,Mexico,Amarilla,Medium,1038.000,260,20,20760.000,1868.400,18891.600,10380.000,8511.600,2014-06-01,6,June,2014
Midmarket,Canada,Amarilla,Medium,1630.500,260,15,24457.500,2201.180,22256.320,16305.000,5951.320,2014-07-01,7,July,2014
Channel Partners,France,Amarilla,Medium,306.000,260,12,3672.000,330.480,3341.520,918.000,2423.520,2013-12-01,12,December,2013
Channel Partners,United States of America,Carretera,High,386.000,3,12,4632.000,463.200,4168.800,1158.000,3010.800,2013-10-01,10,October,2013
Government,United States of America,Montana,High,2328.000,5,7,16296.000,1629.600,14666.400,11640.000,3026.400,2014-09-01,9,September,2014
Channel Partners,United States of America,Paseo,High,386.000,10,12,4632.000,463.200,4168.800,1158.000,3010.800,2013-10-01,10,October,2013
Enterprise,United States of America,Carretera,High,3445.500,3,125,430687.500,43068.750,387618.750,413460.000,-25841.250,2014-04-01,4,April,2014
Enterprise,France,Carretera,High,1482.000,3,125,185250.000,18525.000,166725.000,177840.000,-11115.000,2013-12-01,12,December,2013
Government,United States of America,Montana,High,2313.000,5,350,809550.000,80955.000,728595.000,601380.000,127215.000,2014-05-01,5,May,2014
Enterprise,United States of America,Montana,High,1804.000,5,125,225500.000,22550.000,202950.000,216480.000,-13530.000,2013-11-01,11,November,2013
Midmarket,France,Montana,High,2072.000,5,15,31080.000,3108.000,27972.000,20720.000,7252.000,2014-12-01,12,December,2014
Government,France,Paseo,High,1954.000,10,20,39080.000,3908.000,35172.000,19540.000,15632.000,2014-03-01,3,March,2014
Small Business,Mexico,Paseo,High,591.000,10,300,177300.000,17730.000,159570.000,147750.000,11820.000,2014-05-01,5,May,2014
Midmarket,France,Paseo,High,2167.000,10,15,32505.000,3250.500,29254.500,21670.000,7584.500,2013-10-01,10,October,2013
Government,Germany,Paseo,High,241.000,10,20,4820.000,482.000,4338.000,2410.000,1928.000,2014-10-01,10,October,2014
Midmarket,Germany,Velo,High,681.000,120,15,10215.000,1021.500,9193.500,6810.000,2383.500,2014-01-01,1,January,2014
Midmarket,Germany,Velo,High,510.000,120,15,7650.000,765.000,6885.000,5100.000,1785.000,2014-04-01,4,April,2014
Midmarket,United States of America,Velo,High,790.000,120,15,11850.000,1185.000,10665.000,7900.000,2765.000,2014-05-01,5,May,2014
Government,France,Velo,High,639.000,120,350,223650.000,22365.000,201285.000,166140.000,35145.000,2014-07-01,7,July,2014
Enterprise,United States of America,Velo,High,1596.000,120,125,199500.000,19950.000,179550.000,191520.000,-11970.000,2014-09-01,9,September,2014
Small Business,United States of America,Velo,High,2294.000,120,300,688200.000,68820.000,619380.000,573500.000,45880.000,2013-10-01,10,October,2013
Government,Germany,Velo,High,241.000,120,20,4820.000,482.000,4338.000,2410.000,1928.000,2014-10-01,10,October,2014
Government,Germany,Velo,High,2665.000,120,7,18655.000,1865.500,16789.500,13325.000,3464.500,2014-11-01,11,November,2014
Enterprise,Canada,Velo,High,1916.000,120,125,239500.000,23950.000,215550.000,229920.000,-14370.000,2013-12-01,12,December,2013
Small Business,France,Velo,High,853.000,120,300,255900.000,25590.000,230310.000,213250.000,17060.000,2014-12-01,12,December,2014
Enterprise,Mexico,VTT,High,341.000,250,125,42625.000,4262.500,38362.500,40920.000,-2557.500,2014-05-01,5,May,2014
Midmarket,Mexico,VTT,High,641.000,250,15,9615.000,961.500,8653.500,6410.000,2243.500,2014-07-01,7,July,2014
Government,United States of America,VTT,High,2807.000,250,350,982450.000,98245.000,884205.000,729820.000,154385.000,2014-08-01,8,August,2014
Small Business,Mexico,VTT,High,432.000,250,300,129600.000,12960.000,116640.000,108000.000,8640.000,2014-09-01,9,September,2014
Small Business,United States of America,VTT,High,2294.000,250,300,688200.000,68820.000,619380.000,573500.000,45880.000,2013-10-01,10,October,2013
Midmarket,France,VTT,High,2167.000,250,15,32505.000,3250.500,29254.500,21670.000,7584.500,2013-10-01,10,October,2013
Enterprise,Canada,VTT,High,2529.000,250,125,316125.000,31612.500,284512.500,303480.000,-18967.500,2014-11-01,11,November,2014
Government,Germany,VTT,High,1870.000,250,350,654500.000,65450.000,589050.000,486200.000,102850.000,2013-12-01,12,December,2013
Enterprise,United States of America,Amarilla,High,579.000,260,125,72375.000,7237.500,65137.500,69480.000,-4342.500,2014-01-01,1,January,2014
Government,Canada,Amarilla,High,2240.000,260,350,784000.000,78400.000,705600.000,582400.000,123200.000,2014-02-01,2,February,2014
Small Business,United States of America,Amarilla,High,2993.000,260,300,897900.000,89790.000,808110.000,748250.000,59860.000,2014-03-01,3,March,2014
Channel Partners,Canada,Amarilla,High,3520.500,260,12,42246.000,4224.600,38021.400,10561.500,27459.900,2014-04-01,4,April,2014
Government,Mexico,Amarilla,High,2039.000,260,20,40780.000,4078.000,36702.000,20390.000,16312.000,2014-05-01,5,May,2014
Channel Partners,Germany,Amarilla,High,2574.000,260,12,30888.000,3088.800,27799.200,7722.000,20077.200,2014-08-01,8,August,2014
Government,Canada,Amarilla,High,707.000,260,350,247450.000,24745.000,222705.000,183820.000,38885.000,2014-09-01,9,September,2014
Midmarket,France,Amarilla,High,2072.000,260,15,31080.000,3108.000,27972.000,20720.000,7252.000,2014-12-01,12,December,2014
Small Business,France,Amarilla,High,853.000,260,300,255900.000,25590.000,230310.000,213250.000,17060.000,2014-12-01,12,December,2014
Channel Partners,France,Carretera,High,1198.000,3,12,14376.000,1581.360,12794.640,3594.000,9200.640,2013-10-01,10,October,2013
Government,France,Paseo,High,2532.000,10,7,17724.000,1949.640,15774.360,12660.000,3114.360,2014-04-01,4,April,2014
Channel Partners,France,Paseo,High,1198.000,10,12,14376.000,1581.360,12794.640,3594.000,9200.640,2013-10-01,10,October,2013
Midmarket,Canada,Velo,High,384.000,120,15,5760.000,633.600,5126.400,3840.000,1286.400,2014-01-01,1,January,2014
Channel Partners,Germany,Velo,High,472.000,120,12,5664.000,623.040,5040.960,1416.000,3624.960,2014-10-01,10,October,2014
Government,United States of America,VTT,High,1579.000,250,7,11053.000,1215.830,9837.170,7895.000,1942.170,2014-03-01,3,March,2014
Channel Partners,Mexico,VTT,High,1005.000,250,12,12060.000,1326.600,10733.400,3015.000,7718.400,2013-09-01,9,September,2013
Midmarket,United States of America,Amarilla,High,3199.500,260,15,47992.500,5279.170,42713.320,31995.000,10718.320,2014-07-01,7,July,2014
Channel Partners,Germany,Amarilla,High,472.000,260,12,5664.000,623.040,5040.960,1416.000,3624.960,2014-10-01,10,October,2014
Channel Partners,Canada,Carretera,High,1937.000,3,12,23244.000,2556.840,20687.160,5811.000,14876.160,2014-02-01,2,February,2014
Government,Germany,Carretera,High,792.000,3,350,277200.000,30492.000,246708.000,205920.000,40788.000,2014-03-01,3,March,2014
Small Business,Germany,Carretera,High,2811.000,3,300,843300.000,92763.000,750537.000,702750.000,47787.000,2014-07-01,7,July,2014
Enterprise,France,Carretera,High,2441.000,3,125,305125.000,33563.750,271561.250,292920.000,-21358.750,2014-10-01,10,October,2014
Midmarket,Canada,Carretera,High,1560.000,3,15,23400.000,2574.000,20826.000,15600.000,5226.000,2013-11-01,11,November,2013
Government,Mexico,Carretera,High,2706.000,3,7,18942.000,2083.620,16858.380,13530.000,3328.380,2013-11-01,11,November,2013
Government,Germany,Montana,High,766.000,5,350,268100.000,29491.000,238609.000,199160.000,39449.000,2014-01-01,1,January,2014
Government,Germany,Montana,High,2992.000,5,20,59840.000,6582.400,53257.600,29920.000,23337.600,2013-10-01,10,October,2013
Midmarket,Mexico,Montana,High,2157.000,5,15,32355.000,3559.050,28795.950,21570.000,7225.950,2014-12-01,12,December,2014
Small Business,Canada,Paseo,High,873.000,10,300,261900.000,28809.000,233091.000,218250.000,14841.000,2014-01-01,1,January,2014
Government,Mexico,Paseo,High,1122.000,10,20,22440.000,2468.400,19971.600,11220.000,8751.600,2014-03-01,3,March,2014
Government,Canada,Paseo,High,2104.500,10,350,736575.000,81023.250,655551.750,547170.000,108381.750,2014-07-01,7,July,2014
Channel Partners,Canada,Paseo,High,4026.000,10,12,48312.000,5314.320,42997.680,12078.000,30919.680,2014-07-01,7,July,2014
Channel Partners,France,Paseo,High,2425.500,10,12,29106.000,3201.660,25904.340,7276.500,18627.840,2014-07-01,7,July,2014
Government,Canada,Paseo,High,2394.000,10,20,47880.000,5266.800,42613.200,23940.000,18673.200,2014-08-01,8,August,2014
Midmarket,Mexico,Paseo,High,1984.000,10,15,29760.000,3273.600,26486.400,19840.000,6646.400,2014-08-01,8,August,2014
Enterprise,France,Paseo,High,2441.000,10,125,305125.000,33563.750,271561.250,292920.000,-21358.750,2014-10-01,10,October,2014
Government,Germany,Paseo,High,2992.000,10,20,59840.000,6582.400,53257.600,29920.000,23337.600,2013-10-01,10,October,2013
Small Business,Canada,Paseo,High,1366.000,10,300,409800.000,45078.000,364722.000,341500.000,23222.000,2014-11-01,11,November,2014
Government,France,Velo,High,2805.000,120,20,56100.000,6171.000,49929.000,28050.000,21879.000,2013-09-01,9,September,2013
Midmarket,Mexico,Velo,High,655.000,120,15,9825.000,1080.750,8744.250,6550.000,2194.250,2013-09-01,9,September,2013
Government,Mexico,Velo,High,344.000,120,350,120400.000,13244.000,107156.000,89440.000,17716.000,2013-10-01,10,October,2013
Government,Canada,Velo,High,1808.000,120,7,12656.000,1392.160,11263.840,9040.000,2223.840,2014-11-01,11,November,2014
Channel Partners,France,VTT,High,1734.000,250,12,20808.000,2288.880,18519.120,5202.000,13317.120,2014-01-01,1,January,2014
Enterprise,Mexico,VTT,High,554.000,250,125,69250.000,7617.500,61632.500,66480.000,-4847.500,2014-01-01,1,January,2014
Government,Canada,VTT,High,2935.000,250,20,58700.000,6457.000,52243.000,29350.000,22893.000,2013-11-01,11,November,2013
Enterprise,Germany,Amarilla,High,3165.000,260,125,395625.000,43518.750,352106.250,379800.000,-27693.750,2014-01-01,1,January,2014
Government,Mexico,Amarilla,High,2629.000,260,20,52580.000,5783.800,46796.200,26290.000,20506.200,2014-01-01,1,January,2014
Enterprise,France,Amarilla,High,1433.000,260,125,179125.000,19703.750,159421.250,171960.000,-12538.750,2014-05-01,5,May,2014
Enterprise,Mexico,Amarilla,High,947.000,260,125,118375.000,13021.250,105353.750,113640.000,-8286.250,2013-09-01,9,September,2013
Government,Mexico,Amarilla,High,344.000,260,350,120400.000,13244.000,107156.000,89440.000,17716.000,2013-10-01,10,October,2013
Midmarket,Mexico,Amarilla,High,2157.000,260,15,32355.000,3559.050,28795.950,21570.000,7225.950,2014-12-01,12,December,2014
Government,United States of America,Paseo,High,380.000,10,7,2660.000,292.600,2367.400,1900.000,467.400,2013-09-01,9,September,2013
Government,Mexico,Carretera,High,886.000,3,350,310100.000,37212.000,272888.000,230360.000,42528.000,2014-06-01,6,June,2014
Enterprise,Canada,Carretera,High,2416.000,3,125,302000.000,36240.000,265760.000,289920.000,-24160.000,2013-09-01,9,September,2013
Enterprise,Mexico,Carretera,High,2156.000,3,125,269500.000,32340.000,237160.000,258720.000,-21560.000,2014-10-01,10,October,2014
Midmarket,Canada,Carretera,High,2689.000,3,15,40335.000,4840.200,35494.800,26890.000,8604.800,2014-11-01,11,November,2014
Midmarket,United States of America,Montana,High,677.000,5,15,10155.000,1218.600,8936.400,6770.000,2166.400,2014-03-01,3,March,2014
Small Business,France,Montana,High,1773.000,5,300,531900.000,63828.000,468072.000,443250.000,24822.000,2014-04-01,4,April,2014
Government,Mexico,Montana,High,2420.000,5,7,16940.000,2032.800,14907.200,12100.000,2807.200,2014-09-01,9,September,2014
Government,Canada,Montana,High,2734.000,5,7,19138.000,2296.560,16841.440,13670.000,3171.440,2014-10-01,10,October,2014
Government,Mexico,Montana,High,1715.000,5,20,34300.000,4116.000,30184.000,17150.000,13034.000,2013-10-01,10,October,2013
Small Business,France,Montana,High,1186.000,5,300,355800.000,42696.000,313104.000,296500.000,16604.000,2013-12-01,12,December,2013
Small Business,United States of America,Paseo,High,3495.000,10,300,1048500.000,125820.000,922680.000,873750.000,48930.000,2014-01-01,1,January,2014
Government,Mexico,Paseo,High,886.000,10,350,310100.000,37212.000,272888.000,230360.000,42528.000,2014-06-01,6,June,2014
Enterprise,Mexico,Paseo,High,2156.000,10,125,269500.000,32340.000,237160.000,258720.000,-21560.000,2014-10-01,10,October,2014
Government,Mexico,Paseo,High,905.000,10,20,18100.000,2172.000,15928.000,9050.000,6878.000,2014-10-01,10,October,2014
Government,Mexico,Paseo,High,1715.000,10,20,34300.000,4116.000,30184.000,17150.000,13034.000,2013-10-01,10,October,2013
Government,France,Paseo,High,1594.000,10,350,557900.000,66948.000,490952.000,414440.000,76512.000,2014-11-01,11,November,2014
Small Business,Germany,Paseo,High,1359.000,10,300,407700.000,48924.000,358776.000,339750.000,19026.000,2014-11-01,11,November,2014
Small Business,Mexico,Paseo,High,2150.000,10,300,645000.000,77400.000,567600.000,537500.000,30100.000,2014-11-01,11,November,2014
Government,Mexico,Paseo,High,1197.000,10,350,418950.000,50274.000,368676.000,311220.000,57456.000,2014-11-01,11,November,2014
Midmarket,Mexico,Paseo,High,380.000,10,15,5700.000,684.000,5016.000,3800.000,1216.000,2013-12-01,12,December,2013
Government,Mexico,Paseo,High,1233.000,10,20,24660.000,2959.200,21700.800,12330.000,9370.800,2014-12-01,12,December,2014
Government,Mexico,Velo,High,1395.000,120,350,488250.000,58590.000,429660.000,362700.000,66960.000,2014-07-01,7,July,2014
Government,United States of America,Velo,High,986.000,120,350,345100.000,41412.000,303688.000,256360.000,47328.000,2014-10-01,10,October,2014
Government,Mexico,Velo,High,905.000,120,20,18100.000,2172.000,15928.000,9050.000,6878.000,2014-10-01,10,October,2014
Channel Partners,Canada,VTT,High,2109.000,250,12,25308.000,3036.960,22271.040,6327.000,15944.040,2014-05-01,5,May,2014
Midmarket,France,VTT,High,3874.500,250,15,58117.500,6974.100,51143.400,38745.000,12398.400,2014-07-01,7,July,2014
Government,Canada,VTT,High,623.000,250,350,218050.000,26166.000,191884.000,161980.000,29904.000,2013-09-01,9,September,2013
Government,United States of America,VTT,High,986.000,250,350,345100.000,41412.000,303688.000,256360.000,47328.000,2014-10-01,10,October,2014
Enterprise,United States of America,VTT,High,2387.000,250,125,298375.000,35805.000,262570.000,286440.000,-23870.000,2014-11-01,11,November,2014
Government,Mexico,VTT,High,1233.000,250,20,24660.000,2959.200,21700.800,12330.000,9370.800,2014-12-01,12,December,2014
Government,United States of America,Amarilla,High,270.000,260,350,94500.000,11340.000,83160.000,70200.000,12960.000,2014-02-01,2,February,2014
Government,France,Amarilla,High,3421.500,260,7,23950.500,2874.060,21076.440,17107.500,3968.940,2014-07-01,7,July,2014
Government,Canada,Amarilla,High,2734.000,260,7,19138.000,2296.560,16841.440,13670.000,3171.440,2014-10-01,10,October,2014
Midmarket,United States of America,Amarilla,High,2548.000,260,15,38220.000,4586.400,33633.600,25480.000,8153.600,2013-11-01,11,November,2013
Government,France,Carretera,High,2521.500,3,20,50430.000,6051.600,44378.400,25215.000,19163.400,2014-01-01,1,January,2014
Channel Partners,Mexico,Montana,High,2661.000,5,12,31932.000,3831.840,28100.160,7983.000,20117.160,2014-05-01,5,May,2014
Government,Germany,Paseo,High,1531.000,10,20,30620.000,3674.400,26945.600,15310.000,11635.600,2014-12-01,12,December,2014
Government,France,VTT,High,1491.000,250,7,10437.000,1252.440,9184.560,7455.000,1729.560,2014-03-01,3,March,2014
Government,Germany,VTT,High,1531.000,250,20,30620.000,3674.400,26945.600,15310.000,11635.600,2014-12-01,12,December,2014
Channel Partners,Canada,Amarilla,High,2761.000,260,12,33132.000,3975.840,29156.160,8283.000,20873.160,2013-09-01,9,September,2013
Midmarket,United States of America,Carretera,High,2567.000,3,15,38505.000,5005.650,33499.350,25670.000,7829.350,2014-06-01,6,June,2014
Midmarket,United States of America,VTT,High,2567.000,250,15,38505.000,5005.650,33499.350,25670.000,7829.350,2014-06-01,6,June,2014
Government,Canada,Carretera,High,923.000,3,350,323050.000,41996.500,281053.500,239980.000,41073.500,2014-03-01,3,March,2014
Government,France,Carretera,High,1790.000,3,350,626500.000,81445.000,545055.000,465400.000,79655.000,2014-03-01,3,March,2014
Government,Germany,Carretera,High,442.000,3,20,8840.000,1149.200,7690.800,4420.000,3270.800,2013-09-01,9,September,2013
Government,United States of America,Montana,High,982.500,5,350,343875.000,44703.750,299171.250,255450.000,43721.250,2014-01-01,1,January,2014
Government,United States of America,Montana,High,1298.000,5,7,9086.000,1181.180,7904.820,6490.000,1414.820,2014-02-01,2,February,2014
Channel Partners,Mexico,Montana,High,604.000,5,12,7248.000,942.240,6305.760,1812.000,4493.760,2014-06-01,6,June,2014
Government,Mexico,Montana,High,2255.000,5,20,45100.000,5863.000,39237.000,22550.000,16687.000,2014-07-01,7,July,2014
Government,Canada,Montana,High,1249.000,5,20,24980.000,3247.400,21732.600,12490.000,9242.600,2014-10-01,10,October,2014
Government,United States of America,Paseo,High,1438.500,10,7,10069.500,1309.040,8760.460,7192.500,1567.960,2014-01-01,1,January,2014
Small Business,Germany,Paseo,High,807.000,10,300,242100.000,31473.000,210627.000,201750.000,8877.000,2014-01-01,1,January,2014
Government,United States of America,Paseo,High,2641.000,10,20,52820.000,6866.600,45953.400,26410.000,19543.400,2014-02-01,2,February,2014
Government,Germany,Paseo,High,2708.000,10,20,54160.000,7040.800,47119.200,27080.000,20039.200,2014-02-01,2,February,2014
Government,Canada,Paseo,High,2632.000,10,350,921200.000,119756.000,801444.000,684320.000,117124.000,2014-06-01,6,June,2014
Enterprise,Canada,Paseo,High,1583.000,10,125,197875.000,25723.750,172151.250,189960.000,-17808.750,2014-06-01,6,June,2014
Channel Partners,Mexico,Paseo,High,571.000,10,12,6852.000,890.760,5961.240,1713.000,4248.240,2014-07-01,7,July,2014
Government,France,Paseo,High,2696.000,10,7,18872.000,2453.360,16418.640,13480.000,2938.640,2014-08-01,8,August,2014
Midmarket,Canada,Paseo,High,1565.000,10,15,23475.000,3051.750,20423.250,15650.000,4773.250,2014-10-01,10,October,2014
Government,Canada,Paseo,High,1249.000,10,20,24980.000,3247.400,21732.600,12490.000,9242.600,2014-10-01,10,October,2014
Government,Germany,Paseo,High,357.000,10,350,124950.000,16243.500,108706.500,92820.000,15886.500,2014-11-01,11,November,2014
Channel Partners,Germany,Paseo,High,1013.000,10,12,12156.000,1580.280,10575.720,3039.000,7536.720,2014-12-01,12,December,2014
Midmarket,France,Velo,High,3997.500,120,15,59962.500,7795.120,52167.380,39975.000,12192.380,2014-01-01,1,January,2014
Government,Canada,Velo,High,2632.000,120,350,921200.000,119756.000,801444.000,684320.000,117124.000,2014-06-01,6,June,2014
Government,France,Velo,High,1190.000,120,7,8330.000,1082.900,7247.100,5950.000,1297.100,2014-06-01,6,June,2014
Channel Partners,Mexico,Velo,High,604.000,120,12,7248.000,942.240,6305.760,1812.000,4493.760,2014-06-01,6,June,2014
Midmarket,Germany,Velo,High,660.000,120,15,9900.000,1287.000,8613.000,6600.000,2013.000,2013-09-01,9,September,2013
Channel Partners,Mexico,Velo,High,410.000,120,12,4920.000,639.600,4280.400,1230.000,3050.400,2014-10-01,10,October,2014
Small Business,Mexico,Velo,High,2605.000,120,300,781500.000,101595.000,679905.000,651250.000,28655.000,2013-11-01,11,November,2013
Channel Partners,Germany,Velo,High,1013.000,120,12,12156.000,1580.280,10575.720,3039.000,7536.720,2014-12-01,12,December,2014
Enterprise,Canada,VTT,High,1583.000,250,125,197875.000,25723.750,172151.250,189960.000,-17808.750,2014-06-01,6,June,2014
Midmarket,Canada,VTT,High,1565.000,250,15,23475.000,3051.750,20423.250,15650.000,4773.250,2014-10-01,10,October,2014
Enterprise,Canada,Amarilla,High,1659.000,260,125,207375.000,26958.750,180416.250,199080.000,-18663.750,2014-01-01,1,January,2014
Government,France,Amarilla,High,1190.000,260,7,8330.000,1082.900,7247.100,5950.000,1297.100,2014-06-01,6,June,2014
Channel Partners,Mexico,Amarilla,High,410.000,260,12,4920.000,639.600,4280.400,1230.000,3050.400,2014-10-01,10,October,2014
Channel Partners,Germany,Amarilla,High,1770.000,260,12,21240.000,2761.200,18478.800,5310.000,13168.800,2013-12-01,12,December,2013
Government,Mexico,Carretera,High,2579.000,3,20,51580.000,7221.200,44358.800,25790.000,18568.800,2014-04-01,4,April,2014
Government,United States of America,Carretera,High,1743.000,3,20,34860.000,4880.400,29979.600,17430.000,12549.600,2014-05-01,5,May,2014
Government,United States of America,Carretera,High,2996.000,3,7,20972.000,2936.080,18035.920,14980.000,3055.920,2013-10-01,10,October,2013
Government,Germany,Carretera,High,280.000,3,7,1960.000,274.400,1685.600,1400.000,285.600,2014-12-01,12,December,2014
Government,France,Montana,High,293.000,5,7,2051.000,287.140,1763.860,1465.000,298.860,2014-02-01,2,February,2014
Government,United States of America,Montana,High,2996.000,5,7,20972.000,2936.080,18035.920,14980.000,3055.920,2013-10-01,10,October,2013
Midmarket,Germany,Paseo,High,278.000,10,15,4170.000,583.800,3586.200,2780.000,806.200,2014-02-01,2,February,2014
Government,Canada,Paseo,High,2428.000,10,20,48560.000,6798.400,41761.600,24280.000,17481.600,2014-03-01,3,March,2014
Midmarket,United States of America,Paseo,High,1767.000,10,15,26505.000,3710.700,22794.300,17670.000,5124.300,2014-09-01,9,September,2014
Channel Partners,France,Paseo,High,1393.000,10,12,16716.000,2340.240,14375.760,4179.000,10196.760,2014-10-01,10,October,2014
Government,Germany,VTT,High,280.000,250,7,1960.000,274.400,1685.600,1400.000,285.600,2014-12-01,12,December,2014
Channel Partners,France,Amarilla,High,1393.000,260,12,16716.000,2340.240,14375.760,4179.000,10196.760,2014-10-01,10,October,2014
Channel Partners,United States of America,Amarilla,High,2015.000,260,12,24180.000,3385.200,20794.800,6045.000,14749.800,2013-12-01,12,December,2013
Small Business,Mexico,Carretera,High,801.000,3,300,240300.000,33642.000,206658.000,200250.000,6408.000,2014-07-01,7,July,2014
Enterprise,France,Carretera,High,1023.000,3,125,127875.000,17902.500,109972.500,122760.000,-12787.500,2013-09-01,9,September,2013
Small Business,Canada,Carretera,High,1496.000,3,300,448800.000,62832.000,385968.000,374000.000,11968.000,2014-10-01,10,October,2014
Small Business,United States of America,Carretera,High,1010.000,3,300,303000.000,42420.000,260580.000,252500.000,8080.000,2014-10-01,10,October,2014
Midmarket,Germany,Carretera,High,1513.000,3,15,22695.000,3177.300,19517.700,15130.000,4387.700,2014-11-01,11,November,2014
Midmarket,Canada,Carretera,High,2300.000,3,15,34500.000,4830.000,29670.000,23000.000,6670.000,2014-12-01,12,December,2014
Enterprise,Mexico,Carretera,High,2821.000,3,125,352625.000,49367.500,303257.500,338520.000,-35262.500,2013-12-01,12,December,2013
Government,Canada,Montana,High,2227.500,5,350,779625.000,109147.500,670477.500,579150.000,91327.500,2014-01-01,1,January,2014
Government,Germany,Montana,High,1199.000,5,350,419650.000,58751.000,360899.000,311740.000,49159.000,2014-04-01,4,April,2014
Government,Canada,Montana,High,200.000,5,350,70000.000,9800.000,60200.000,52000.000,8200.000,2014-05-01,5,May,2014
Government,Canada,Montana,High,388.000,5,7,2716.000,380.240,2335.760,1940.000,395.760,2014-09-01,9,September,2014
Government,Mexico,Montana,High,1727.000,5,7,12089.000,1692.460,10396.540,8635.000,1761.540,2013-10-01,10,October,2013
Midmarket,Canada,Montana,High,2300.000,5,15,34500.000,4830.000,29670.000,23000.000,6670.000,2014-12-01,12,December,2014
Government,Mexico,Paseo,High,260.000,10,20,5200.000,728.000,4472.000,2600.000,1872.000,2014-02-01,2,February,2014
Midmarket,Canada,Paseo,High,2470.000,10,15,37050.000,5187.000,31863.000,24700.000,7163.000,2013-09-01,9,September,2013
Midmarket,Canada,Paseo,High,1743.000,10,15,26145.000,3660.300,22484.700,17430.000,5054.700,2013-10-01,10,October,2013
Channel Partners,United States of America,Paseo,High,2914.000,10,12,34968.000,4895.520,30072.480,8742.000,21330.480,2014-10-01,10,October,2014
Government,France,Paseo,High,1731.000,10,7,12117.000,1696.380,10420.620,8655.000,1765.620,2014-10-01,10,October,2014
Government,Canada,Paseo,High,700.000,10,350,245000.000,34300.000,210700.000,182000.000,28700.000,2014-11-01,11,November,2014
Channel Partners,Canada,Paseo,High,2222.000,10,12,26664.000,3732.960,22931.040,6666.000,16265.040,2013-11-01,11,November,2013
Government,United States of America,Paseo,High,1177.000,10,350,411950.000,57673.000,354277.000,306020.000,48257.000,2014-11-01,11,November,2014
Government,France,Paseo,High,1922.000,10,350,672700.000,94178.000,578522.000,499720.000,78802.000,2013-11-01,11,November,2013
Enterprise,Mexico,Velo,High,1575.000,120,125,196875.000,27562.500,169312.500,189000.000,-19687.500,2014-02-01,2,February,2014
Government,United States of America,Velo,High,606.000,120,20,12120.000,1696.800,10423.200,6060.000,4363.200,2014-04-01,4,April,2014
Small Business,United States of America,Velo,High,2460.000,120,300,738000.000,103320.000,634680.000,615000.000,19680.000,2014-07-01,7,July,2014
Small Business,Canada,Velo,High,269.000,120,300,80700.000,11298.000,69402.000,67250.000,2152.000,2013-10-01,10,October,2013
Small Business,Germany,Velo,High,2536.000,120,300,760800.000,106512.000,654288.000,634000.000,20288.000,2013-11-01,11,November,2013
Government,Mexico,VTT,High,2903.000,250,7,20321.000,2844.940,17476.060,14515.000,2961.060,2014-03-01,3,March,2014
Small Business,United States of America,VTT,High,2541.000,250,300,762300.000,106722.000,655578.000,635250.000,20328.000,2014-08-01,8,August,2014
Small Business,Canada,VTT,High,269.000,250,300,80700.000,11298.000,69402.000,67250.000,2152.000,2013-10-01,10,October,2013
Small Business,Canada,VTT,High,1496.000,250,300,448800.000,62832.000,385968.000,374000.000,11968.000,2014-10-01,10,October,2014
Small Business,United States of America,VTT,High,1010.000,250,300,303000.000,42420.000,260580.000,252500.000,8080.000,2014-10-01,10,October,2014
Government,France,VTT,High,1281.000,250,350,448350.000,62769.000,385581.000,333060.000,52521.000,2013-12-01,12,December,2013
Small Business,Canada,Amarilla,High,888.000,260,300,266400.000,37296.000,229104.000,222000.000,7104.000,2014-03-01,3,March,2014
Enterprise,United States of America,Amarilla,High,2844.000,260,125,355500.000,49770.000,305730.000,341280.000,-35550.000,2014-05-01,5,May,2014
Channel Partners,France,Amarilla,High,2475.000,260,12,29700.000,4158.000,25542.000,7425.000,18117.000,2014-08-01,8,August,2014
Midmarket,Canada,Amarilla,High,1743.000,260,15,26145.000,3660.300,22484.700,17430.000,5054.700,2013-10-01,10,October,2013
Channel Partners,United States of America,Amarilla,High,2914.000,260,12,34968.000,4895.520,30072.480,8742.000,21330.480,2014-10-01,10,October,2014
Government,France,Amarilla,High,1731.000,260,7,12117.000,1696.380,10420.620,8655.000,1765.620,2014-10-01,10,October,2014
Government,Mexico,Amarilla,High,1727.000,260,7,12089.000,1692.460,10396.540,8635.000,1761.540,2013-10-01,10,October,2013
Midmarket,Mexico,Amarilla,High,1870.000,260,15,28050.000,3927.000,24123.000,18700.000,5423.000,2013-11-01,11,November,2013
Enterprise,France,Carretera,High,1174.000,3,125,146750.000,22012.500,124737.500,140880.000,-16142.500,2014-08-01,8,August,2014
Enterprise,Germany,Carretera,High,2767.000,3,125,345875.000,51881.250,293993.750,332040.000,-38046.250,2014-08-01,8,August,2014
Enterprise,Germany,Carretera,High,1085.000,3,125,135625.000,20343.750,115281.250,130200.000,-14918.750,2014-10-01,10,October,2014
Small Business,Mexico,Montana,High,546.000,5,300,163800.000,24570.000,139230.000,136500.000,2730.000,2014-10-01,10,October,2014
Government,Germany,Paseo,High,1158.000,10,20,23160.000,3474.000,19686.000,11580.000,8106.000,2014-03-01,3,March,2014
Midmarket,Canada,Paseo,High,1614.000,10,15,24210.000,3631.500,20578.500,16140.000,4438.500,2014-04-01,4,April,2014
Government,Mexico,Paseo,High,2535.000,10,7,17745.000,2661.750,15083.250,12675.000,2408.250,2014-04-01,4,April,2014
Government,Mexico,Paseo,High,2851.000,10,350,997850.000,149677.500,848172.500,741260.000,106912.500,2014-05-01,5,May,2014
Midmarket,Canada,Paseo,High,2559.000,10,15,38385.000,5757.750,32627.250,25590.000,7037.250,2014-08-01,8,August,2014
Government,United States of America,Paseo,High,267.000,10,20,5340.000,801.000,4539.000,2670.000,1869.000,2013-10-01,10,October,2013
Enterprise,Germany,Paseo,High,1085.000,10,125,135625.000,20343.750,115281.250,130200.000,-14918.750,2014-10-01,10,October,2014
Midmarket,Germany,Paseo,High,1175.000,10,15,17625.000,2643.750,14981.250,11750.000,3231.250,2014-10-01,10,October,2014
Government,United States of America,Paseo,High,2007.000,10,350,702450.000,105367.500,597082.500,521820.000,75262.500,2013-11-01,11,November,2013
Government,Mexico,Paseo,High,2151.000,10,350,752850.000,112927.500,639922.500,559260.000,80662.500,2013-11-01,11,November,2013
Channel Partners,United States of America,Paseo,High,914.000,10,12,10968.000,1645.200,9322.800,2742.000,6580.800,2014-12-01,12,December,2014
Government,France,Paseo,High,293.000,10,20,5860.000,879.000,4981.000,2930.000,2051.000,2014-12-01,12,December,2014
Channel Partners,Mexico,Velo,High,500.000,120,12,6000.000,900.000,5100.000,1500.000,3600.000,2014-03-01,3,March,2014
Midmarket,France,Velo,High,2826.000,120,15,42390.000,6358.500,36031.500,28260.000,7771.500,2014-05-01,5,May,2014
Enterprise,France,Velo,High,663.000,120,125,82875.000,12431.250,70443.750,79560.000,-9116.250,2014-09-01,9,September,2014
Small Business,United States of America,Velo,High,2574.000,120,300,772200.000,115830.000,656370.000,643500.000,12870.000,2013-11-01,11,November,2013
Enterprise,United States of America,Velo,High,2438.000,120,125,304750.000,45712.500,259037.500,292560.000,-33522.500,2013-12-01,12,December,2013
Channel Partners,United States of America,Velo,High,914.000,120,12,10968.000,1645.200,9322.800,2742.000,6580.800,2014-12-01,12,December,2014
Government,Canada,VTT,High,865.500,250,20,17310.000,2596.500,14713.500,8655.000,6058.500,2014-07-01,7,July,2014
Midmarket,Germany,VTT,High,492.000,250,15,7380.000,1107.000,6273.000,4920.000,1353.000,2014-07-01,7,July,2014
Government,United States of America,VTT,High,267.000,250,20,5340.000,801.000,4539.000,2670.000,1869.000,2013-10-01,10,October,2013
Midmarket,Germany,VTT,High,1175.000,250,15,17625.000,2643.750,14981.250,11750.000,3231.250,2014-10-01,10,October,2014
Enterprise,Canada,VTT,High,2954.000,250,125,369250.000,55387.500,313862.500,354480.000,-40617.500,2013-11-01,11,November,2013
Enterprise,Germany,VTT,High,552.000,250,125,69000.000,10350.000,58650.000,66240.000,-7590.000,2014-11-01,11,November,2014
Government,France,VTT,High,293.000,250,20,5860.000,879.000,4981.000,2930.000,2051.000,2014-12-01,12,December,2014
Small Business,France,Amarilla,High,2475.000,260,300,742500.000,111375.000,631125.000,618750.000,12375.000,2014-03-01,3,March,2014
Small Business,Mexico,Amarilla,High,546.000,260,300,163800.000,24570.000,139230.000,136500.000,2730.000,2014-10-01,10,October,2014
Government,Mexico,Montana,High,1368.000,5,7,9576.000,1436.400,8139.600,6840.000,1299.600,2014-02-01,2,February,2014
Government,Canada,Paseo,High,723.000,10,7,5061.000,759.150,4301.850,3615.000,686.850,2014-04-01,4,April,2014
Channel Partners,United States of America,VTT,High,1806.000,250,12,21672.000,3250.800,18421.200,5418.000,13003.200,2014-05-01,5,May,2014
